2025-02-07T02:42:08.695+0200 [INFO]  Terraform version: 1.10.3
2025-02-07T02:42:08.695+0200 [INFO]  Go runtime version: go1.23.3
2025-02-07T02:42:08.695+0200 [INFO]  CLI args: []string{"terraform", "-chdir=./config/reactory/terraform/minikube", "apply"}
2025-02-07T02:42:08.697+0200 [INFO]  CLI command args: []string{"apply"}
2025-02-07T02:42:08.742+0200 [INFO]  backend/local: starting Apply operation
2025-02-07T02:42:08.757+0200 [INFO]  provider: configuring client automatic mTLS
2025-02-07T02:42:08.803+0200 [INFO]  provider.terraform-provider-kubernetes_v2.35.1_x5: configuring server automatic mTLS: timestamp="2025-02-07T02:42:08.803+0200"
2025-02-07T02:42:08.856+0200 [INFO]  provider: plugin process exited: plugin=.terraform/providers/registry.terraform.io/hashicorp/kubernetes/2.35.1/darwin_arm64/terraform-provider-kubernetes_v2.35.1_x5 id=21099
2025-02-07T02:42:08.867+0200 [INFO]  provider: configuring client automatic mTLS
2025-02-07T02:42:08.895+0200 [INFO]  provider.terraform-provider-kubernetes_v2.35.1_x5: configuring server automatic mTLS: timestamp="2025-02-07T02:42:08.894+0200"
2025-02-07T02:42:08.920+0200 [INFO]  provider: plugin process exited: plugin=.terraform/providers/registry.terraform.io/hashicorp/kubernetes/2.35.1/darwin_arm64/terraform-provider-kubernetes_v2.35.1_x5 id=21100
2025-02-07T02:42:08.920+0200 [INFO]  backend/local: apply calling Plan
2025-02-07T02:42:08.926+0200 [INFO]  provider: configuring client automatic mTLS
2025-02-07T02:42:08.953+0200 [INFO]  provider.terraform-provider-kubernetes_v2.35.1_x5: configuring server automatic mTLS: timestamp="2025-02-07T02:42:08.952+0200"
2025-02-07T02:42:08.989+0200 [WARN]  Provider "registry.terraform.io/hashicorp/kubernetes" produced an unexpected new value for kubernetes_namespace.reactory during refresh.
      - Root object was present, but now absent
2025-02-07T02:42:08.989+0200 [WARN]  Provider "registry.terraform.io/hashicorp/kubernetes" produced an unexpected new value for module.redis.kubernetes_persistent_volume.redis_data during refresh.
      - Root object was present, but now absent
2025-02-07T02:42:08.989+0200 [WARN]  Provider "registry.terraform.io/hashicorp/kubernetes" produced an unexpected new value for module.mongodb.kubernetes_persistent_volume.mongodb_data during refresh.
      - Root object was present, but now absent
2025-02-07T02:42:08.989+0200 [WARN]  Provider "registry.terraform.io/hashicorp/kubernetes" produced an unexpected new value for module.meilisearch.kubernetes_persistent_volume.meilisearch_data during refresh.
      - Root object was present, but now absent
2025-02-07T02:42:08.989+0200 [WARN]  Provider "registry.terraform.io/hashicorp/kubernetes" produced an unexpected new value for module.express_server.kubernetes_persistent_volume.reactory_data during refresh.
      - Root object was present, but now absent
2025-02-07T02:42:08.989+0200 [WARN]  Provider "registry.terraform.io/hashicorp/kubernetes" produced an unexpected new value for module.postgres.kubernetes_persistent_volume.postgres_data during refresh.
      - Root object was present, but now absent
2025-02-07T02:42:08.990+0200 [WARN]  Provider "registry.terraform.io/hashicorp/kubernetes" produced an invalid plan for kubernetes_namespace.reactory, but we are tolerating it because it is using the legacy plugin SDK.
    The following problems may be the cause of any confusing errors from downstream operations:
      - .wait_for_default_service_account: planned value cty.False for a non-computed attribute
2025-02-07T02:42:08.996+0200 [WARN]  Provider "registry.terraform.io/hashicorp/kubernetes" produced an invalid plan for module.mongodb.kubernetes_persistent_volume.mongodb_data, but we are tolerating it because it is using the legacy plugin SDK.
    The following problems may be the cause of any confusing errors from downstream operations:
      - .spec[0].persistent_volume_reclaim_policy: planned value cty.StringVal("Retain") for a non-computed attribute
      - .spec[0].volume_mode: planned value cty.StringVal("Filesystem") for a non-computed attribute
      - .spec[0].node_affinity: attribute representing nested block must not be unknown itself; set nested attribute values to unknown instead
      - .spec[0].claim_ref: attribute representing nested block must not be unknown itself; set nested attribute values to unknown instead
2025-02-07T02:42:08.997+0200 [WARN]  Provider "registry.terraform.io/hashicorp/kubernetes" produced an invalid plan for module.meilisearch.kubernetes_persistent_volume.meilisearch_data, but we are tolerating it because it is using the legacy plugin SDK.
    The following problems may be the cause of any confusing errors from downstream operations:
      - .spec[0].persistent_volume_reclaim_policy: planned value cty.StringVal("Retain") for a non-computed attribute
      - .spec[0].volume_mode: planned value cty.StringVal("Filesystem") for a non-computed attribute
      - .spec[0].claim_ref: attribute representing nested block must not be unknown itself; set nested attribute values to unknown instead
      - .spec[0].node_affinity: attribute representing nested block must not be unknown itself; set nested attribute values to unknown instead
2025-02-07T02:42:08.997+0200 [WARN]  Provider "registry.terraform.io/hashicorp/kubernetes" produced an unexpected new value for module.express_server.kubernetes_persistent_volume_claim.reactory_data during refresh.
      - Root object was present, but now absent
2025-02-07T02:42:08.998+0200 [WARN]  Provider "registry.terraform.io/hashicorp/kubernetes" produced an unexpected new value for module.postgres.kubernetes_persistent_volume_claim.postgres_data during refresh.
      - Root object was present, but now absent
2025-02-07T02:42:08.998+0200 [WARN]  Provider "registry.terraform.io/hashicorp/kubernetes" produced an unexpected new value for module.redis.kubernetes_persistent_volume_claim.redis_data during refresh.
      - Root object was present, but now absent
2025-02-07T02:42:08.998+0200 [WARN]  Provider "registry.terraform.io/hashicorp/kubernetes" produced an invalid plan for module.postgres.kubernetes_persistent_volume.postgres_data, but we are tolerating it because it is using the legacy plugin SDK.
    The following problems may be the cause of any confusing errors from downstream operations:
      - .spec[0].volume_mode: planned value cty.StringVal("Filesystem") for a non-computed attribute
      - .spec[0].persistent_volume_reclaim_policy: planned value cty.StringVal("Retain") for a non-computed attribute
      - .spec[0].claim_ref: attribute representing nested block must not be unknown itself; set nested attribute values to unknown instead
      - .spec[0].node_affinity: attribute representing nested block must not be unknown itself; set nested attribute values to unknown instead
2025-02-07T02:42:08.998+0200 [WARN]  Provider "registry.terraform.io/hashicorp/kubernetes" produced an invalid plan for module.redis.kubernetes_persistent_volume.redis_data, but we are tolerating it because it is using the legacy plugin SDK.
    The following problems may be the cause of any confusing errors from downstream operations:
      - .spec[0].persistent_volume_reclaim_policy: planned value cty.StringVal("Retain") for a non-computed attribute
      - .spec[0].volume_mode: planned value cty.StringVal("Filesystem") for a non-computed attribute
      - .spec[0].claim_ref: attribute representing nested block must not be unknown itself; set nested attribute values to unknown instead
      - .spec[0].node_affinity: attribute representing nested block must not be unknown itself; set nested attribute values to unknown instead
2025-02-07T02:42:08.998+0200 [WARN]  Provider "registry.terraform.io/hashicorp/kubernetes" produced an invalid plan for module.express_server.kubernetes_persistent_volume.reactory_data, but we are tolerating it because it is using the legacy plugin SDK.
    The following problems may be the cause of any confusing errors from downstream operations:
      - .spec[0].persistent_volume_reclaim_policy: planned value cty.StringVal("Retain") for a non-computed attribute
      - .spec[0].volume_mode: planned value cty.StringVal("Filesystem") for a non-computed attribute
      - .spec[0].claim_ref: attribute representing nested block must not be unknown itself; set nested attribute values to unknown instead
      - .spec[0].node_affinity: attribute representing nested block must not be unknown itself; set nested attribute values to unknown instead
2025-02-07T02:42:09.000+0200 [WARN]  Provider "registry.terraform.io/hashicorp/kubernetes" produced an invalid plan for module.postgres.kubernetes_persistent_volume_claim.postgres_data, but we are tolerating it because it is using the legacy plugin SDK.
    The following problems may be the cause of any confusing errors from downstream operations:
      - .wait_until_bound: planned value cty.True for a non-computed attribute
2025-02-07T02:42:09.002+0200 [WARN]  Provider "registry.terraform.io/hashicorp/kubernetes" produced an invalid plan for module.redis.kubernetes_persistent_volume_claim.redis_data, but we are tolerating it because it is using the legacy plugin SDK.
    The following problems may be the cause of any confusing errors from downstream operations:
      - .wait_until_bound: planned value cty.True for a non-computed attribute
2025-02-07T02:42:09.002+0200 [WARN]  Provider "registry.terraform.io/hashicorp/kubernetes" produced an invalid plan for module.express_server.kubernetes_persistent_volume_claim.reactory_data, but we are tolerating it because it is using the legacy plugin SDK.
    The following problems may be the cause of any confusing errors from downstream operations:
      - .wait_until_bound: planned value cty.True for a non-computed attribute
2025-02-07T02:42:09.004+0200 [WARN]  Provider "registry.terraform.io/hashicorp/kubernetes" produced an unexpected new value for module.mongodb.kubernetes_persistent_volume_claim.mongodb_data during refresh.
      - Root object was present, but now absent
2025-02-07T02:42:09.005+0200 [WARN]  Provider "registry.terraform.io/hashicorp/kubernetes" produced an invalid plan for module.mongodb.kubernetes_persistent_volume_claim.mongodb_data, but we are tolerating it because it is using the legacy plugin SDK.
    The following problems may be the cause of any confusing errors from downstream operations:
      - .wait_until_bound: planned value cty.True for a non-computed attribute
2025-02-07T02:42:09.006+0200 [WARN]  Provider "registry.terraform.io/hashicorp/kubernetes" produced an invalid plan for module.pwa_client.kubernetes_deployment.reactory_pwa_client, but we are tolerating it because it is using the legacy plugin SDK.
    The following problems may be the cause of any confusing errors from downstream operations:
      - .wait_for_rollout: planned value cty.True for a non-computed attribute
      - .spec[0].paused: planned value cty.False for a non-computed attribute
      - .spec[0].progress_deadline_seconds: planned value cty.NumberIntVal(600) for a non-computed attribute
      - .spec[0].revision_history_limit: planned value cty.NumberIntVal(10) for a non-computed attribute
      - .spec[0].min_ready_seconds: planned value cty.NumberIntVal(0) for a non-computed attribute
      - .spec[0].strategy: attribute representing nested block must not be unknown itself; set nested attribute values to unknown instead
      - .spec[0].template[0].spec[0].enable_service_links: planned value cty.True for a non-computed attribute
      - .spec[0].template[0].spec[0].host_pid: planned value cty.False for a non-computed attribute
      - .spec[0].template[0].spec[0].share_process_namespace: planned value cty.False for a non-computed attribute
      - .spec[0].template[0].spec[0].host_ipc: planned value cty.False for a non-computed attribute
      - .spec[0].template[0].spec[0].termination_grace_period_seconds: planned value cty.NumberIntVal(30) for a non-computed attribute
      - .spec[0].template[0].spec[0].automount_service_account_token: planned value cty.True for a non-computed attribute
      - .spec[0].template[0].spec[0].restart_policy: planned value cty.StringVal("Always") for a non-computed attribute
      - .spec[0].template[0].spec[0].dns_policy: planned value cty.StringVal("ClusterFirst") for a non-computed attribute
      - .spec[0].template[0].spec[0].host_network: planned value cty.False for a non-computed attribute
      - .spec[0].template[0].spec[0].container[0].stdin: planned value cty.False for a non-computed attribute
      - .spec[0].template[0].spec[0].container[0].stdin_once: planned value cty.False for a non-computed attribute
      - .spec[0].template[0].spec[0].container[0].termination_message_path: planned value cty.StringVal("/dev/termination-log") for a non-computed attribute
      - .spec[0].template[0].spec[0].container[0].tty: planned value cty.False for a non-computed attribute
      - .spec[0].template[0].spec[0].container[0].port[0].protocol: planned value cty.StringVal("TCP") for a non-computed attribute
      - .spec[0].template[0].spec[0].container[0].resources: attribute representing nested block must not be unknown itself; set nested attribute values to unknown instead
      - .spec[0].template[0].spec[0].image_pull_secrets: attribute representing nested block must not be unknown itself; set nested attribute values to unknown instead
      - .spec[0].template[0].spec[0].readiness_gate: attribute representing nested block must not be unknown itself; set nested attribute values to unknown instead
2025-02-07T02:42:09.009+0200 [WARN]  Provider "registry.terraform.io/hashicorp/kubernetes" produced an unexpected new value for module.jaeger.kubernetes_service.reactory_jaeger during refresh.
      - Root object was present, but now absent
2025-02-07T02:42:09.010+0200 [WARN]  Provider "registry.terraform.io/hashicorp/kubernetes" produced an unexpected new value for module.pwa_client.kubernetes_service.reactory_nginx during refresh.
      - Root object was present, but now absent
2025-02-07T02:42:09.010+0200 [WARN]  Provider "registry.terraform.io/hashicorp/kubernetes" produced an unexpected new value for module.express_server.kubernetes_service.reactory_express_server during refresh.
      - Root object was present, but now absent
2025-02-07T02:42:09.010+0200 [WARN]  Provider "registry.terraform.io/hashicorp/kubernetes" produced an unexpected new value for module.grafana.kubernetes_service.reactory_grafana during refresh.
      - Root object was present, but now absent
2025-02-07T02:42:09.011+0200 [WARN]  Provider "registry.terraform.io/hashicorp/kubernetes" produced an invalid plan for module.jaeger.kubernetes_service.reactory_jaeger, but we are tolerating it because it is using the legacy plugin SDK.
    The following problems may be the cause of any confusing errors from downstream operations:
      - .wait_for_load_balancer: planned value cty.True for a non-computed attribute
      - .spec[0].publish_not_ready_addresses: planned value cty.False for a non-computed attribute
      - .spec[0].session_affinity: planned value cty.StringVal("None") for a non-computed attribute
      - .spec[0].allocate_load_balancer_node_ports: planned value cty.True for a non-computed attribute
      - .spec[0].port[0].protocol: planned value cty.StringVal("TCP") for a non-computed attribute
      - .spec[0].port[1].protocol: planned value cty.StringVal("TCP") for a non-computed attribute
      - .spec[0].session_affinity_config: attribute representing nested block must not be unknown itself; set nested attribute values to unknown instead
2025-02-07T02:42:09.011+0200 [WARN]  Provider "registry.terraform.io/hashicorp/kubernetes" produced an unexpected new value for module.prometheus.kubernetes_service.reactory_prometheus during refresh.
      - Root object was present, but now absent
2025-02-07T02:42:09.012+0200 [WARN]  Provider "registry.terraform.io/hashicorp/kubernetes" produced an unexpected new value for module.meilisearch.kubernetes_persistent_volume_claim.meilisearch_data during refresh.
      - Root object was present, but now absent
2025-02-07T02:42:09.013+0200 [WARN]  Provider "registry.terraform.io/hashicorp/kubernetes" produced an invalid plan for module.pwa_client.kubernetes_service.reactory_nginx, but we are tolerating it because it is using the legacy plugin SDK.
    The following problems may be the cause of any confusing errors from downstream operations:
      - .wait_for_load_balancer: planned value cty.True for a non-computed attribute
      - .spec[0].publish_not_ready_addresses: planned value cty.False for a non-computed attribute
      - .spec[0].session_affinity: planned value cty.StringVal("None") for a non-computed attribute
      - .spec[0].allocate_load_balancer_node_ports: planned value cty.True for a non-computed attribute
      - .spec[0].session_affinity_config: attribute representing nested block must not be unknown itself; set nested attribute values to unknown instead
      - .spec[0].port[0].protocol: planned value cty.StringVal("TCP") for a non-computed attribute
2025-02-07T02:42:09.015+0200 [WARN]  Provider "registry.terraform.io/hashicorp/kubernetes" produced an unexpected new value for module.jaeger.kubernetes_deployment.reactory_jaeger during refresh.
      - Root object was present, but now absent
2025-02-07T02:42:09.015+0200 [WARN]  Provider "registry.terraform.io/hashicorp/kubernetes" produced an invalid plan for module.grafana.kubernetes_service.reactory_grafana, but we are tolerating it because it is using the legacy plugin SDK.
    The following problems may be the cause of any confusing errors from downstream operations:
      - .wait_for_load_balancer: planned value cty.True for a non-computed attribute
      - .spec[0].publish_not_ready_addresses: planned value cty.False for a non-computed attribute
      - .spec[0].session_affinity: planned value cty.StringVal("None") for a non-computed attribute
      - .spec[0].allocate_load_balancer_node_ports: planned value cty.True for a non-computed attribute
      - .spec[0].port[0].protocol: planned value cty.StringVal("TCP") for a non-computed attribute
      - .spec[0].session_affinity_config: attribute representing nested block must not be unknown itself; set nested attribute values to unknown instead
2025-02-07T02:42:09.015+0200 [WARN]  Provider "registry.terraform.io/hashicorp/kubernetes" produced an invalid plan for module.express_server.kubernetes_service.reactory_express_server, but we are tolerating it because it is using the legacy plugin SDK.
    The following problems may be the cause of any confusing errors from downstream operations:
      - .wait_for_load_balancer: planned value cty.True for a non-computed attribute
      - .spec[0].publish_not_ready_addresses: planned value cty.False for a non-computed attribute
      - .spec[0].session_affinity: planned value cty.StringVal("None") for a non-computed attribute
      - .spec[0].allocate_load_balancer_node_ports: planned value cty.True for a non-computed attribute
      - .spec[0].port[0].protocol: planned value cty.StringVal("TCP") for a non-computed attribute
      - .spec[0].session_affinity_config: attribute representing nested block must not be unknown itself; set nested attribute values to unknown instead
2025-02-07T02:42:09.015+0200 [WARN]  Provider "registry.terraform.io/hashicorp/kubernetes" produced an invalid plan for module.prometheus.kubernetes_service.reactory_prometheus, but we are tolerating it because it is using the legacy plugin SDK.
    The following problems may be the cause of any confusing errors from downstream operations:
      - .wait_for_load_balancer: planned value cty.True for a non-computed attribute
      - .spec[0].allocate_load_balancer_node_ports: planned value cty.True for a non-computed attribute
      - .spec[0].publish_not_ready_addresses: planned value cty.False for a non-computed attribute
      - .spec[0].session_affinity: planned value cty.StringVal("None") for a non-computed attribute
      - .spec[0].port[0].protocol: planned value cty.StringVal("TCP") for a non-computed attribute
      - .spec[0].session_affinity_config: attribute representing nested block must not be unknown itself; set nested attribute values to unknown instead
2025-02-07T02:42:09.016+0200 [WARN]  Provider "registry.terraform.io/hashicorp/kubernetes" produced an invalid plan for module.prometheus.kubernetes_deployment.reactory_prometheus, but we are tolerating it because it is using the legacy plugin SDK.
    The following problems may be the cause of any confusing errors from downstream operations:
      - .wait_for_rollout: planned value cty.True for a non-computed attribute
      - .spec[0].min_ready_seconds: planned value cty.NumberIntVal(0) for a non-computed attribute
      - .spec[0].paused: planned value cty.False for a non-computed attribute
      - .spec[0].progress_deadline_seconds: planned value cty.NumberIntVal(600) for a non-computed attribute
      - .spec[0].revision_history_limit: planned value cty.NumberIntVal(10) for a non-computed attribute
      - .spec[0].strategy: attribute representing nested block must not be unknown itself; set nested attribute values to unknown instead
      - .spec[0].template[0].spec[0].restart_policy: planned value cty.StringVal("Always") for a non-computed attribute
      - .spec[0].template[0].spec[0].automount_service_account_token: planned value cty.True for a non-computed attribute
      - .spec[0].template[0].spec[0].host_network: planned value cty.False for a non-computed attribute
      - .spec[0].template[0].spec[0].dns_policy: planned value cty.StringVal("ClusterFirst") for a non-computed attribute
      - .spec[0].template[0].spec[0].host_pid: planned value cty.False for a non-computed attribute
      - .spec[0].template[0].spec[0].share_process_namespace: planned value cty.False for a non-computed attribute
      - .spec[0].template[0].spec[0].enable_service_links: planned value cty.True for a non-computed attribute
      - .spec[0].template[0].spec[0].host_ipc: planned value cty.False for a non-computed attribute
      - .spec[0].template[0].spec[0].termination_grace_period_seconds: planned value cty.NumberIntVal(30) for a non-computed attribute
      - .spec[0].template[0].spec[0].readiness_gate: attribute representing nested block must not be unknown itself; set nested attribute values to unknown instead
      - .spec[0].template[0].spec[0].image_pull_secrets: attribute representing nested block must not be unknown itself; set nested attribute values to unknown instead
      - .spec[0].template[0].spec[0].container[0].stdin: planned value cty.False for a non-computed attribute
      - .spec[0].template[0].spec[0].container[0].stdin_once: planned value cty.False for a non-computed attribute
      - .spec[0].template[0].spec[0].container[0].termination_message_path: planned value cty.StringVal("/dev/termination-log") for a non-computed attribute
      - .spec[0].template[0].spec[0].container[0].tty: planned value cty.False for a non-computed attribute
      - .spec[0].template[0].spec[0].container[0].resources: attribute representing nested block must not be unknown itself; set nested attribute values to unknown instead
      - .spec[0].template[0].spec[0].container[0].volume_mount[0].read_only: planned value cty.False for a non-computed attribute
      - .spec[0].template[0].spec[0].container[0].volume_mount[0].mount_propagation: planned value cty.StringVal("None") for a non-computed attribute
2025-02-07T02:42:09.017+0200 [WARN]  Provider "registry.terraform.io/hashicorp/kubernetes" produced an invalid plan for module.meilisearch.kubernetes_persistent_volume_claim.meilisearch_data, but we are tolerating it because it is using the legacy plugin SDK.
    The following problems may be the cause of any confusing errors from downstream operations:
      - .wait_until_bound: planned value cty.True for a non-computed attribute
2025-02-07T02:42:09.022+0200 [WARN]  Provider "registry.terraform.io/hashicorp/kubernetes" produced an unexpected new value for module.postgres.kubernetes_deployment.reactory_postgres during refresh.
      - Root object was present, but now absent
2025-02-07T02:42:09.022+0200 [WARN]  Provider "registry.terraform.io/hashicorp/kubernetes" produced an invalid plan for module.grafana.kubernetes_deployment.reactory_grafana, but we are tolerating it because it is using the legacy plugin SDK.
    The following problems may be the cause of any confusing errors from downstream operations:
      - .wait_for_rollout: planned value cty.True for a non-computed attribute
      - .spec[0].revision_history_limit: planned value cty.NumberIntVal(10) for a non-computed attribute
      - .spec[0].min_ready_seconds: planned value cty.NumberIntVal(0) for a non-computed attribute
      - .spec[0].paused: planned value cty.False for a non-computed attribute
      - .spec[0].progress_deadline_seconds: planned value cty.NumberIntVal(600) for a non-computed attribute
      - .spec[0].strategy: attribute representing nested block must not be unknown itself; set nested attribute values to unknown instead
      - .spec[0].template[0].spec[0].automount_service_account_token: planned value cty.True for a non-computed attribute
      - .spec[0].template[0].spec[0].restart_policy: planned value cty.StringVal("Always") for a non-computed attribute
      - .spec[0].template[0].spec[0].dns_policy: planned value cty.StringVal("ClusterFirst") for a non-computed attribute
      - .spec[0].template[0].spec[0].host_network: planned value cty.False for a non-computed attribute
      - .spec[0].template[0].spec[0].enable_service_links: planned value cty.True for a non-computed attribute
      - .spec[0].template[0].spec[0].host_pid: planned value cty.False for a non-computed attribute
      - .spec[0].template[0].spec[0].share_process_namespace: planned value cty.False for a non-computed attribute
      - .spec[0].template[0].spec[0].host_ipc: planned value cty.False for a non-computed attribute
      - .spec[0].template[0].spec[0].termination_grace_period_seconds: planned value cty.NumberIntVal(30) for a non-computed attribute
      - .spec[0].template[0].spec[0].readiness_gate: attribute representing nested block must not be unknown itself; set nested attribute values to unknown instead
      - .spec[0].template[0].spec[0].container[0].tty: planned value cty.False for a non-computed attribute
      - .spec[0].template[0].spec[0].container[0].termination_message_path: planned value cty.StringVal("/dev/termination-log") for a non-computed attribute
      - .spec[0].template[0].spec[0].container[0].stdin: planned value cty.False for a non-computed attribute
      - .spec[0].template[0].spec[0].container[0].stdin_once: planned value cty.False for a non-computed attribute
      - .spec[0].template[0].spec[0].container[0].resources: attribute representing nested block must not be unknown itself; set nested attribute values to unknown instead
      - .spec[0].template[0].spec[0].container[0].volume_mount[0].read_only: planned value cty.False for a non-computed attribute
      - .spec[0].template[0].spec[0].container[0].volume_mount[0].mount_propagation: planned value cty.StringVal("None") for a non-computed attribute
      - .spec[0].template[0].spec[0].container[0].volume_mount[1].mount_propagation: planned value cty.StringVal("None") for a non-computed attribute
      - .spec[0].template[0].spec[0].container[0].volume_mount[1].read_only: planned value cty.False for a non-computed attribute
      - .spec[0].template[0].spec[0].image_pull_secrets: attribute representing nested block must not be unknown itself; set nested attribute values to unknown instead
2025-02-07T02:42:09.026+0200 [WARN]  Provider "registry.terraform.io/hashicorp/kubernetes" produced an unexpected new value for module.redis.kubernetes_deployment.reactory_redis during refresh.
      - Root object was present, but now absent
2025-02-07T02:42:09.028+0200 [WARN]  Provider "registry.terraform.io/hashicorp/kubernetes" produced an invalid plan for module.jaeger.kubernetes_deployment.reactory_jaeger, but we are tolerating it because it is using the legacy plugin SDK.
    The following problems may be the cause of any confusing errors from downstream operations:
      - .wait_for_rollout: planned value cty.True for a non-computed attribute
      - .spec[0].min_ready_seconds: planned value cty.NumberIntVal(0) for a non-computed attribute
      - .spec[0].paused: planned value cty.False for a non-computed attribute
      - .spec[0].progress_deadline_seconds: planned value cty.NumberIntVal(600) for a non-computed attribute
      - .spec[0].revision_history_limit: planned value cty.NumberIntVal(10) for a non-computed attribute
      - .spec[0].template[0].spec[0].dns_policy: planned value cty.StringVal("ClusterFirst") for a non-computed attribute
      - .spec[0].template[0].spec[0].host_network: planned value cty.False for a non-computed attribute
      - .spec[0].template[0].spec[0].share_process_namespace: planned value cty.False for a non-computed attribute
      - .spec[0].template[0].spec[0].enable_service_links: planned value cty.True for a non-computed attribute
      - .spec[0].template[0].spec[0].host_pid: planned value cty.False for a non-computed attribute
      - .spec[0].template[0].spec[0].termination_grace_period_seconds: planned value cty.NumberIntVal(30) for a non-computed attribute
      - .spec[0].template[0].spec[0].host_ipc: planned value cty.False for a non-computed attribute
      - .spec[0].template[0].spec[0].automount_service_account_token: planned value cty.True for a non-computed attribute
      - .spec[0].template[0].spec[0].restart_policy: planned value cty.StringVal("Always") for a non-computed attribute
      - .spec[0].template[0].spec[0].container[0].tty: planned value cty.False for a non-computed attribute
      - .spec[0].template[0].spec[0].container[0].stdin: planned value cty.False for a non-computed attribute
      - .spec[0].template[0].spec[0].container[0].stdin_once: planned value cty.False for a non-computed attribute
      - .spec[0].template[0].spec[0].container[0].termination_message_path: planned value cty.StringVal("/dev/termination-log") for a non-computed attribute
      - .spec[0].template[0].spec[0].container[0].port[0].protocol: planned value cty.StringVal("TCP") for a non-computed attribute
      - .spec[0].template[0].spec[0].container[0].port[1].protocol: planned value cty.StringVal("TCP") for a non-computed attribute
      - .spec[0].template[0].spec[0].container[0].resources: attribute representing nested block must not be unknown itself; set nested attribute values to unknown instead
      - .spec[0].template[0].spec[0].image_pull_secrets: attribute representing nested block must not be unknown itself; set nested attribute values to unknown instead
      - .spec[0].template[0].spec[0].readiness_gate: attribute representing nested block must not be unknown itself; set nested attribute values to unknown instead
      - .spec[0].strategy: attribute representing nested block must not be unknown itself; set nested attribute values to unknown instead
2025-02-07T02:42:09.035+0200 [WARN]  Provider "registry.terraform.io/hashicorp/kubernetes" produced an invalid plan for module.mongodb.kubernetes_deployment.reactory_mongodb, but we are tolerating it because it is using the legacy plugin SDK.
    The following problems may be the cause of any confusing errors from downstream operations:
      - .wait_for_rollout: planned value cty.True for a non-computed attribute
      - .spec[0].min_ready_seconds: planned value cty.NumberIntVal(0) for a non-computed attribute
      - .spec[0].paused: planned value cty.False for a non-computed attribute
      - .spec[0].progress_deadline_seconds: planned value cty.NumberIntVal(600) for a non-computed attribute
      - .spec[0].revision_history_limit: planned value cty.NumberIntVal(10) for a non-computed attribute
      - .spec[0].strategy: attribute representing nested block must not be unknown itself; set nested attribute values to unknown instead
      - .spec[0].template[0].spec[0].host_network: planned value cty.False for a non-computed attribute
      - .spec[0].template[0].spec[0].dns_policy: planned value cty.StringVal("ClusterFirst") for a non-computed attribute
      - .spec[0].template[0].spec[0].host_pid: planned value cty.False for a non-computed attribute
      - .spec[0].template[0].spec[0].share_process_namespace: planned value cty.False for a non-computed attribute
      - .spec[0].template[0].spec[0].enable_service_links: planned value cty.True for a non-computed attribute
      - .spec[0].template[0].spec[0].host_ipc: planned value cty.False for a non-computed attribute
      - .spec[0].template[0].spec[0].termination_grace_period_seconds: planned value cty.NumberIntVal(30) for a non-computed attribute
      - .spec[0].template[0].spec[0].restart_policy: planned value cty.StringVal("Always") for a non-computed attribute
      - .spec[0].template[0].spec[0].automount_service_account_token: planned value cty.True for a non-computed attribute
      - .spec[0].template[0].spec[0].container[0].termination_message_path: planned value cty.StringVal("/dev/termination-log") for a non-computed attribute
      - .spec[0].template[0].spec[0].container[0].stdin: planned value cty.False for a non-computed attribute
      - .spec[0].template[0].spec[0].container[0].stdin_once: planned value cty.False for a non-computed attribute
      - .spec[0].template[0].spec[0].container[0].tty: planned value cty.False for a non-computed attribute
      - .spec[0].template[0].spec[0].container[0].resources: attribute representing nested block must not be unknown itself; set nested attribute values to unknown instead
      - .spec[0].template[0].spec[0].container[0].volume_mount[0].mount_propagation: planned value cty.StringVal("None") for a non-computed attribute
      - .spec[0].template[0].spec[0].container[0].volume_mount[0].read_only: planned value cty.False for a non-computed attribute
      - .spec[0].template[0].spec[0].image_pull_secrets: attribute representing nested block must not be unknown itself; set nested attribute values to unknown instead
      - .spec[0].template[0].spec[0].readiness_gate: attribute representing nested block must not be unknown itself; set nested attribute values to unknown instead
      - .spec[0].template[0].spec[0].volume[0].persistent_volume_claim[0].read_only: planned value cty.False for a non-computed attribute
2025-02-07T02:42:09.035+0200 [WARN]  Provider "registry.terraform.io/hashicorp/kubernetes" produced an invalid plan for module.express_server.kubernetes_deployment.reactory_express_server, but we are tolerating it because it is using the legacy plugin SDK.
    The following problems may be the cause of any confusing errors from downstream operations:
      - .wait_for_rollout: planned value cty.True for a non-computed attribute
      - .spec[0].min_ready_seconds: planned value cty.NumberIntVal(0) for a non-computed attribute
      - .spec[0].paused: planned value cty.False for a non-computed attribute
      - .spec[0].progress_deadline_seconds: planned value cty.NumberIntVal(600) for a non-computed attribute
      - .spec[0].revision_history_limit: planned value cty.NumberIntVal(10) for a non-computed attribute
      - .spec[0].template[0].spec[0].automount_service_account_token: planned value cty.True for a non-computed attribute
      - .spec[0].template[0].spec[0].restart_policy: planned value cty.StringVal("Always") for a non-computed attribute
      - .spec[0].template[0].spec[0].dns_policy: planned value cty.StringVal("ClusterFirst") for a non-computed attribute
      - .spec[0].template[0].spec[0].host_network: planned value cty.False for a non-computed attribute
      - .spec[0].template[0].spec[0].enable_service_links: planned value cty.True for a non-computed attribute
      - .spec[0].template[0].spec[0].host_pid: planned value cty.False for a non-computed attribute
      - .spec[0].template[0].spec[0].share_process_namespace: planned value cty.False for a non-computed attribute
      - .spec[0].template[0].spec[0].host_ipc: planned value cty.False for a non-computed attribute
      - .spec[0].template[0].spec[0].termination_grace_period_seconds: planned value cty.NumberIntVal(30) for a non-computed attribute
      - .spec[0].template[0].spec[0].volume[0].persistent_volume_claim[0].read_only: planned value cty.False for a non-computed attribute
      - .spec[0].template[0].spec[0].readiness_gate: attribute representing nested block must not be unknown itself; set nested attribute values to unknown instead
      - .spec[0].template[0].spec[0].image_pull_secrets: attribute representing nested block must not be unknown itself; set nested attribute values to unknown instead
      - .spec[0].template[0].spec[0].container[0].tty: planned value cty.False for a non-computed attribute
      - .spec[0].template[0].spec[0].container[0].stdin: planned value cty.False for a non-computed attribute
      - .spec[0].template[0].spec[0].container[0].stdin_once: planned value cty.False for a non-computed attribute
      - .spec[0].template[0].spec[0].container[0].termination_message_path: planned value cty.StringVal("/dev/termination-log") for a non-computed attribute
      - .spec[0].template[0].spec[0].container[0].resources: attribute representing nested block must not be unknown itself; set nested attribute values to unknown instead
      - .spec[0].template[0].spec[0].container[0].volume_mount[0].mount_propagation: planned value cty.StringVal("None") for a non-computed attribute
      - .spec[0].template[0].spec[0].container[0].volume_mount[0].read_only: planned value cty.False for a non-computed attribute
      - .spec[0].template[0].spec[0].container[0].volume_mount[1].mount_propagation: planned value cty.StringVal("None") for a non-computed attribute
      - .spec[0].template[0].spec[0].container[0].volume_mount[1].read_only: planned value cty.False for a non-computed attribute
      - .spec[0].strategy: attribute representing nested block must not be unknown itself; set nested attribute values to unknown instead
2025-02-07T02:42:09.035+0200 [WARN]  Provider "registry.terraform.io/hashicorp/kubernetes" produced an invalid plan for module.meilisearch.kubernetes_deployment.reactory_meilisearch, but we are tolerating it because it is using the legacy plugin SDK.
    The following problems may be the cause of any confusing errors from downstream operations:
      - .wait_for_rollout: planned value cty.True for a non-computed attribute
      - .spec[0].revision_history_limit: planned value cty.NumberIntVal(10) for a non-computed attribute
      - .spec[0].min_ready_seconds: planned value cty.NumberIntVal(0) for a non-computed attribute
      - .spec[0].paused: planned value cty.False for a non-computed attribute
      - .spec[0].progress_deadline_seconds: planned value cty.NumberIntVal(600) for a non-computed attribute
      - .spec[0].strategy: attribute representing nested block must not be unknown itself; set nested attribute values to unknown instead
      - .spec[0].template[0].spec[0].dns_policy: planned value cty.StringVal("ClusterFirst") for a non-computed attribute
      - .spec[0].template[0].spec[0].host_network: planned value cty.False for a non-computed attribute
      - .spec[0].template[0].spec[0].enable_service_links: planned value cty.True for a non-computed attribute
      - .spec[0].template[0].spec[0].host_pid: planned value cty.False for a non-computed attribute
      - .spec[0].template[0].spec[0].share_process_namespace: planned value cty.False for a non-computed attribute
      - .spec[0].template[0].spec[0].termination_grace_period_seconds: planned value cty.NumberIntVal(30) for a non-computed attribute
      - .spec[0].template[0].spec[0].host_ipc: planned value cty.False for a non-computed attribute
      - .spec[0].template[0].spec[0].automount_service_account_token: planned value cty.True for a non-computed attribute
      - .spec[0].template[0].spec[0].restart_policy: planned value cty.StringVal("Always") for a non-computed attribute
      - .spec[0].template[0].spec[0].container[0].stdin: planned value cty.False for a non-computed attribute
      - .spec[0].template[0].spec[0].container[0].stdin_once: planned value cty.False for a non-computed attribute
      - .spec[0].template[0].spec[0].container[0].termination_message_path: planned value cty.StringVal("/dev/termination-log") for a non-computed attribute
      - .spec[0].template[0].spec[0].container[0].tty: planned value cty.False for a non-computed attribute
      - .spec[0].template[0].spec[0].container[0].volume_mount[0].mount_propagation: planned value cty.StringVal("None") for a non-computed attribute
      - .spec[0].template[0].spec[0].container[0].volume_mount[0].read_only: planned value cty.False for a non-computed attribute
      - .spec[0].template[0].spec[0].container[0].resources: attribute representing nested block must not be unknown itself; set nested attribute values to unknown instead
      - .spec[0].template[0].spec[0].image_pull_secrets: attribute representing nested block must not be unknown itself; set nested attribute values to unknown instead
      - .spec[0].template[0].spec[0].readiness_gate: attribute representing nested block must not be unknown itself; set nested attribute values to unknown instead
      - .spec[0].template[0].spec[0].volume[0].persistent_volume_claim[0].read_only: planned value cty.False for a non-computed attribute
2025-02-07T02:42:09.035+0200 [WARN]  Provider "registry.terraform.io/hashicorp/kubernetes" produced an invalid plan for module.postgres.kubernetes_deployment.reactory_postgres, but we are tolerating it because it is using the legacy plugin SDK.
    The following problems may be the cause of any confusing errors from downstream operations:
      - .wait_for_rollout: planned value cty.True for a non-computed attribute
      - .spec[0].min_ready_seconds: planned value cty.NumberIntVal(0) for a non-computed attribute
      - .spec[0].paused: planned value cty.False for a non-computed attribute
      - .spec[0].progress_deadline_seconds: planned value cty.NumberIntVal(600) for a non-computed attribute
      - .spec[0].revision_history_limit: planned value cty.NumberIntVal(10) for a non-computed attribute
      - .spec[0].strategy: attribute representing nested block must not be unknown itself; set nested attribute values to unknown instead
      - .spec[0].template[0].spec[0].host_ipc: planned value cty.False for a non-computed attribute
      - .spec[0].template[0].spec[0].termination_grace_period_seconds: planned value cty.NumberIntVal(30) for a non-computed attribute
      - .spec[0].template[0].spec[0].automount_service_account_token: planned value cty.True for a non-computed attribute
      - .spec[0].template[0].spec[0].restart_policy: planned value cty.StringVal("Always") for a non-computed attribute
      - .spec[0].template[0].spec[0].dns_policy: planned value cty.StringVal("ClusterFirst") for a non-computed attribute
      - .spec[0].template[0].spec[0].host_network: planned value cty.False for a non-computed attribute
      - .spec[0].template[0].spec[0].enable_service_links: planned value cty.True for a non-computed attribute
      - .spec[0].template[0].spec[0].host_pid: planned value cty.False for a non-computed attribute
      - .spec[0].template[0].spec[0].share_process_namespace: planned value cty.False for a non-computed attribute
      - .spec[0].template[0].spec[0].volume[0].persistent_volume_claim[0].read_only: planned value cty.False for a non-computed attribute
      - .spec[0].template[0].spec[0].readiness_gate: attribute representing nested block must not be unknown itself; set nested attribute values to unknown instead
      - .spec[0].template[0].spec[0].image_pull_secrets: attribute representing nested block must not be unknown itself; set nested attribute values to unknown instead
      - .spec[0].template[0].spec[0].container[0].stdin: planned value cty.False for a non-computed attribute
      - .spec[0].template[0].spec[0].container[0].stdin_once: planned value cty.False for a non-computed attribute
      - .spec[0].template[0].spec[0].container[0].termination_message_path: planned value cty.StringVal("/dev/termination-log") for a non-computed attribute
      - .spec[0].template[0].spec[0].container[0].tty: planned value cty.False for a non-computed attribute
      - .spec[0].template[0].spec[0].container[0].resources: attribute representing nested block must not be unknown itself; set nested attribute values to unknown instead
      - .spec[0].template[0].spec[0].container[0].volume_mount[0].mount_propagation: planned value cty.StringVal("None") for a non-computed attribute
      - .spec[0].template[0].spec[0].container[0].volume_mount[0].read_only: planned value cty.False for a non-computed attribute
2025-02-07T02:42:09.039+0200 [WARN]  Provider "registry.terraform.io/hashicorp/kubernetes" produced an invalid plan for module.redis.kubernetes_deployment.reactory_redis, but we are tolerating it because it is using the legacy plugin SDK.
    The following problems may be the cause of any confusing errors from downstream operations:
      - .wait_for_rollout: planned value cty.True for a non-computed attribute
      - .spec[0].revision_history_limit: planned value cty.NumberIntVal(10) for a non-computed attribute
      - .spec[0].min_ready_seconds: planned value cty.NumberIntVal(0) for a non-computed attribute
      - .spec[0].paused: planned value cty.False for a non-computed attribute
      - .spec[0].progress_deadline_seconds: planned value cty.NumberIntVal(600) for a non-computed attribute
      - .spec[0].template[0].spec[0].dns_policy: planned value cty.StringVal("ClusterFirst") for a non-computed attribute
      - .spec[0].template[0].spec[0].host_network: planned value cty.False for a non-computed attribute
      - .spec[0].template[0].spec[0].enable_service_links: planned value cty.True for a non-computed attribute
      - .spec[0].template[0].spec[0].host_pid: planned value cty.False for a non-computed attribute
      - .spec[0].template[0].spec[0].share_process_namespace: planned value cty.False for a non-computed attribute
      - .spec[0].template[0].spec[0].host_ipc: planned value cty.False for a non-computed attribute
      - .spec[0].template[0].spec[0].termination_grace_period_seconds: planned value cty.NumberIntVal(30) for a non-computed attribute
      - .spec[0].template[0].spec[0].automount_service_account_token: planned value cty.True for a non-computed attribute
      - .spec[0].template[0].spec[0].restart_policy: planned value cty.StringVal("Always") for a non-computed attribute
      - .spec[0].template[0].spec[0].container[0].stdin: planned value cty.False for a non-computed attribute
      - .spec[0].template[0].spec[0].container[0].stdin_once: planned value cty.False for a non-computed attribute
      - .spec[0].template[0].spec[0].container[0].termination_message_path: planned value cty.StringVal("/dev/termination-log") for a non-computed attribute
      - .spec[0].template[0].spec[0].container[0].tty: planned value cty.False for a non-computed attribute
      - .spec[0].template[0].spec[0].container[0].volume_mount[0].read_only: planned value cty.False for a non-computed attribute
      - .spec[0].template[0].spec[0].container[0].volume_mount[0].mount_propagation: planned value cty.StringVal("None") for a non-computed attribute
      - .spec[0].template[0].spec[0].container[0].resources: attribute representing nested block must not be unknown itself; set nested attribute values to unknown instead
      - .spec[0].template[0].spec[0].image_pull_secrets: attribute representing nested block must not be unknown itself; set nested attribute values to unknown instead
      - .spec[0].template[0].spec[0].readiness_gate: attribute representing nested block must not be unknown itself; set nested attribute values to unknown instead
      - .spec[0].template[0].spec[0].volume[0].persistent_volume_claim[0].read_only: planned value cty.False for a non-computed attribute
      - .spec[0].strategy: attribute representing nested block must not be unknown itself; set nested attribute values to unknown instead
2025-02-07T02:42:09.041+0200 [INFO]  provider: plugin process exited: plugin=.terraform/providers/registry.terraform.io/hashicorp/kubernetes/2.35.1/darwin_arm64/terraform-provider-kubernetes_v2.35.1_x5 id=21102
2025-02-07T02:42:33.591+0200 [INFO]  backend/local: apply calling Apply
2025-02-07T02:42:33.621+0200 [INFO]  provider: configuring client automatic mTLS
2025-02-07T02:42:33.661+0200 [INFO]  provider.terraform-provider-kubernetes_v2.35.1_x5: configuring server automatic mTLS: timestamp="2025-02-07T02:42:33.660+0200"
2025-02-07T02:42:33.681+0200 [WARN]  Provider "registry.terraform.io/hashicorp/kubernetes" produced an invalid plan for kubernetes_namespace.reactory, but we are tolerating it because it is using the legacy plugin SDK.
    The following problems may be the cause of any confusing errors from downstream operations:
      - .wait_for_default_service_account: planned value cty.False for a non-computed attribute
2025-02-07T02:42:33.681+0200 [INFO]  Starting apply for kubernetes_namespace.reactory
2025-02-07T02:42:33.686+0200 [WARN]  Provider "registry.terraform.io/hashicorp/kubernetes" produced an invalid plan for module.express_server.kubernetes_persistent_volume.reactory_data, but we are tolerating it because it is using the legacy plugin SDK.
    The following problems may be the cause of any confusing errors from downstream operations:
      - .spec[0].persistent_volume_reclaim_policy: planned value cty.StringVal("Retain") for a non-computed attribute
      - .spec[0].volume_mode: planned value cty.StringVal("Filesystem") for a non-computed attribute
      - .spec[0].claim_ref: attribute representing nested block must not be unknown itself; set nested attribute values to unknown instead
      - .spec[0].node_affinity: attribute representing nested block must not be unknown itself; set nested attribute values to unknown instead
2025-02-07T02:42:33.686+0200 [WARN]  Provider "registry.terraform.io/hashicorp/kubernetes" produced an invalid plan for module.mongodb.kubernetes_persistent_volume.mongodb_data, but we are tolerating it because it is using the legacy plugin SDK.
    The following problems may be the cause of any confusing errors from downstream operations:
      - .spec[0].persistent_volume_reclaim_policy: planned value cty.StringVal("Retain") for a non-computed attribute
      - .spec[0].volume_mode: planned value cty.StringVal("Filesystem") for a non-computed attribute
      - .spec[0].claim_ref: attribute representing nested block must not be unknown itself; set nested attribute values to unknown instead
      - .spec[0].node_affinity: attribute representing nested block must not be unknown itself; set nested attribute values to unknown instead
2025-02-07T02:42:33.686+0200 [INFO]  Starting apply for module.express_server.kubernetes_persistent_volume.reactory_data
2025-02-07T02:42:33.686+0200 [WARN]  Provider "registry.terraform.io/hashicorp/kubernetes" produced an invalid plan for module.redis.kubernetes_persistent_volume.redis_data, but we are tolerating it because it is using the legacy plugin SDK.
    The following problems may be the cause of any confusing errors from downstream operations:
      - .spec[0].persistent_volume_reclaim_policy: planned value cty.StringVal("Retain") for a non-computed attribute
      - .spec[0].volume_mode: planned value cty.StringVal("Filesystem") for a non-computed attribute
      - .spec[0].claim_ref: attribute representing nested block must not be unknown itself; set nested attribute values to unknown instead
      - .spec[0].node_affinity: attribute representing nested block must not be unknown itself; set nested attribute values to unknown instead
2025-02-07T02:42:33.686+0200 [INFO]  Starting apply for module.mongodb.kubernetes_persistent_volume.mongodb_data
2025-02-07T02:42:33.686+0200 [WARN]  Provider "registry.terraform.io/hashicorp/kubernetes" produced an invalid plan for module.postgres.kubernetes_persistent_volume.postgres_data, but we are tolerating it because it is using the legacy plugin SDK.
    The following problems may be the cause of any confusing errors from downstream operations:
      - .spec[0].persistent_volume_reclaim_policy: planned value cty.StringVal("Retain") for a non-computed attribute
      - .spec[0].volume_mode: planned value cty.StringVal("Filesystem") for a non-computed attribute
      - .spec[0].claim_ref: attribute representing nested block must not be unknown itself; set nested attribute values to unknown instead
      - .spec[0].node_affinity: attribute representing nested block must not be unknown itself; set nested attribute values to unknown instead
2025-02-07T02:42:33.686+0200 [INFO]  Starting apply for module.redis.kubernetes_persistent_volume.redis_data
2025-02-07T02:42:33.686+0200 [WARN]  Provider "registry.terraform.io/hashicorp/kubernetes" produced an invalid plan for module.meilisearch.kubernetes_persistent_volume.meilisearch_data, but we are tolerating it because it is using the legacy plugin SDK.
    The following problems may be the cause of any confusing errors from downstream operations:
      - .spec[0].persistent_volume_reclaim_policy: planned value cty.StringVal("Retain") for a non-computed attribute
      - .spec[0].volume_mode: planned value cty.StringVal("Filesystem") for a non-computed attribute
      - .spec[0].claim_ref: attribute representing nested block must not be unknown itself; set nested attribute values to unknown instead
      - .spec[0].node_affinity: attribute representing nested block must not be unknown itself; set nested attribute values to unknown instead
2025-02-07T02:42:33.686+0200 [INFO]  Starting apply for module.postgres.kubernetes_persistent_volume.postgres_data
2025-02-07T02:42:33.686+0200 [INFO]  Starting apply for module.meilisearch.kubernetes_persistent_volume.meilisearch_data
2025-02-07T02:42:33.729+0200 [WARN]  Provider "provider[\"registry.terraform.io/hashicorp/kubernetes\"]" produced an unexpected new value for kubernetes_namespace.reactory, but we are tolerating it because it is using the legacy plugin SDK.
    The following problems may be the cause of any confusing errors from downstream operations:
      - .metadata[0].generate_name: was null, but now cty.StringVal("")
2025-02-07T02:42:33.742+0200 [WARN]  Provider "registry.terraform.io/hashicorp/kubernetes" produced an invalid plan for module.grafana.kubernetes_service.reactory_grafana, but we are tolerating it because it is using the legacy plugin SDK.
    The following problems may be the cause of any confusing errors from downstream operations:
      - .wait_for_load_balancer: planned value cty.True for a non-computed attribute
      - .spec[0].publish_not_ready_addresses: planned value cty.False for a non-computed attribute
      - .spec[0].session_affinity: planned value cty.StringVal("None") for a non-computed attribute
      - .spec[0].allocate_load_balancer_node_ports: planned value cty.True for a non-computed attribute
      - .spec[0].port[0].protocol: planned value cty.StringVal("TCP") for a non-computed attribute
      - .spec[0].session_affinity_config: attribute representing nested block must not be unknown itself; set nested attribute values to unknown instead
2025-02-07T02:42:33.742+0200 [INFO]  Starting apply for module.grafana.kubernetes_service.reactory_grafana
2025-02-07T02:42:33.742+0200 [WARN]  Provider "registry.terraform.io/hashicorp/kubernetes" produced an invalid plan for module.postgres.kubernetes_persistent_volume_claim.postgres_data, but we are tolerating it because it is using the legacy plugin SDK.
    The following problems may be the cause of any confusing errors from downstream operations:
      - .wait_until_bound: planned value cty.True for a non-computed attribute
2025-02-07T02:42:33.742+0200 [WARN]  Provider "registry.terraform.io/hashicorp/kubernetes" produced an invalid plan for module.redis.kubernetes_persistent_volume_claim.redis_data, but we are tolerating it because it is using the legacy plugin SDK.
    The following problems may be the cause of any confusing errors from downstream operations:
      - .wait_until_bound: planned value cty.True for a non-computed attribute
2025-02-07T02:42:33.742+0200 [WARN]  Provider "registry.terraform.io/hashicorp/kubernetes" produced an invalid plan for module.mongodb.kubernetes_persistent_volume_claim.mongodb_data, but we are tolerating it because it is using the legacy plugin SDK.
    The following problems may be the cause of any confusing errors from downstream operations:
      - .wait_until_bound: planned value cty.True for a non-computed attribute
2025-02-07T02:42:33.743+0200 [INFO]  Starting apply for module.mongodb.kubernetes_persistent_volume_claim.mongodb_data
2025-02-07T02:42:33.743+0200 [INFO]  Starting apply for module.postgres.kubernetes_persistent_volume_claim.postgres_data
2025-02-07T02:42:33.743+0200 [INFO]  Starting apply for module.redis.kubernetes_persistent_volume_claim.redis_data
2025-02-07T02:42:33.754+0200 [WARN]  Provider "provider[\"registry.terraform.io/hashicorp/kubernetes\"]" produced an unexpected new value for module.grafana.kubernetes_service.reactory_grafana, but we are tolerating it because it is using the legacy plugin SDK.
    The following problems may be the cause of any confusing errors from downstream operations:
      - .metadata[0].generate_name: was null, but now cty.StringVal("")
      - .spec[0].load_balancer_ip: was null, but now cty.StringVal("")
      - .spec[0].load_balancer_class: was null, but now cty.StringVal("")
      - .spec[0].external_name: was null, but now cty.StringVal("")
      - .spec[0].port[0].name: was null, but now cty.StringVal("")
      - .spec[0].port[0].app_protocol: was null, but now cty.StringVal("")
2025-02-07T02:42:33.755+0200 [WARN]  Provider "registry.terraform.io/hashicorp/kubernetes" produced an invalid plan for module.grafana.kubernetes_deployment.reactory_grafana, but we are tolerating it because it is using the legacy plugin SDK.
    The following problems may be the cause of any confusing errors from downstream operations:
      - .wait_for_rollout: planned value cty.True for a non-computed attribute
      - .spec[0].revision_history_limit: planned value cty.NumberIntVal(10) for a non-computed attribute
      - .spec[0].min_ready_seconds: planned value cty.NumberIntVal(0) for a non-computed attribute
      - .spec[0].paused: planned value cty.False for a non-computed attribute
      - .spec[0].progress_deadline_seconds: planned value cty.NumberIntVal(600) for a non-computed attribute
      - .spec[0].strategy: attribute representing nested block must not be unknown itself; set nested attribute values to unknown instead
      - .spec[0].template[0].spec[0].dns_policy: planned value cty.StringVal("ClusterFirst") for a non-computed attribute
      - .spec[0].template[0].spec[0].host_network: planned value cty.False for a non-computed attribute
      - .spec[0].template[0].spec[0].share_process_namespace: planned value cty.False for a non-computed attribute
      - .spec[0].template[0].spec[0].enable_service_links: planned value cty.True for a non-computed attribute
      - .spec[0].template[0].spec[0].host_pid: planned value cty.False for a non-computed attribute
      - .spec[0].template[0].spec[0].termination_grace_period_seconds: planned value cty.NumberIntVal(30) for a non-computed attribute
      - .spec[0].template[0].spec[0].host_ipc: planned value cty.False for a non-computed attribute
      - .spec[0].template[0].spec[0].restart_policy: planned value cty.StringVal("Always") for a non-computed attribute
      - .spec[0].template[0].spec[0].automount_service_account_token: planned value cty.True for a non-computed attribute
      - .spec[0].template[0].spec[0].readiness_gate: attribute representing nested block must not be unknown itself; set nested attribute values to unknown instead
      - .spec[0].template[0].spec[0].image_pull_secrets: attribute representing nested block must not be unknown itself; set nested attribute values to unknown instead
      - .spec[0].template[0].spec[0].container[0].stdin_once: planned value cty.False for a non-computed attribute
      - .spec[0].template[0].spec[0].container[0].termination_message_path: planned value cty.StringVal("/dev/termination-log") for a non-computed attribute
      - .spec[0].template[0].spec[0].container[0].stdin: planned value cty.False for a non-computed attribute
      - .spec[0].template[0].spec[0].container[0].tty: planned value cty.False for a non-computed attribute
      - .spec[0].template[0].spec[0].container[0].volume_mount[0].mount_propagation: planned value cty.StringVal("None") for a non-computed attribute
      - .spec[0].template[0].spec[0].container[0].volume_mount[0].read_only: planned value cty.False for a non-computed attribute
      - .spec[0].template[0].spec[0].container[0].volume_mount[1].mount_propagation: planned value cty.StringVal("None") for a non-computed attribute
      - .spec[0].template[0].spec[0].container[0].volume_mount[1].read_only: planned value cty.False for a non-computed attribute
      - .spec[0].template[0].spec[0].container[0].resources: attribute representing nested block must not be unknown itself; set nested attribute values to unknown instead
2025-02-07T02:42:33.755+0200 [INFO]  Starting apply for module.grafana.kubernetes_deployment.reactory_grafana
2025-02-07T02:42:33.773+0200 [WARN]  Provider "registry.terraform.io/hashicorp/kubernetes" produced an invalid plan for module.prometheus.kubernetes_deployment.reactory_prometheus, but we are tolerating it because it is using the legacy plugin SDK.
    The following problems may be the cause of any confusing errors from downstream operations:
      - .wait_for_rollout: planned value cty.True for a non-computed attribute
      - .spec[0].progress_deadline_seconds: planned value cty.NumberIntVal(600) for a non-computed attribute
      - .spec[0].revision_history_limit: planned value cty.NumberIntVal(10) for a non-computed attribute
      - .spec[0].min_ready_seconds: planned value cty.NumberIntVal(0) for a non-computed attribute
      - .spec[0].paused: planned value cty.False for a non-computed attribute
      - .spec[0].strategy: attribute representing nested block must not be unknown itself; set nested attribute values to unknown instead
      - .spec[0].template[0].spec[0].host_ipc: planned value cty.False for a non-computed attribute
      - .spec[0].template[0].spec[0].termination_grace_period_seconds: planned value cty.NumberIntVal(30) for a non-computed attribute
      - .spec[0].template[0].spec[0].automount_service_account_token: planned value cty.True for a non-computed attribute
      - .spec[0].template[0].spec[0].restart_policy: planned value cty.StringVal("Always") for a non-computed attribute
      - .spec[0].template[0].spec[0].dns_policy: planned value cty.StringVal("ClusterFirst") for a non-computed attribute
      - .spec[0].template[0].spec[0].host_network: planned value cty.False for a non-computed attribute
      - .spec[0].template[0].spec[0].enable_service_links: planned value cty.True for a non-computed attribute
      - .spec[0].template[0].spec[0].host_pid: planned value cty.False for a non-computed attribute
      - .spec[0].template[0].spec[0].share_process_namespace: planned value cty.False for a non-computed attribute
      - .spec[0].template[0].spec[0].readiness_gate: attribute representing nested block must not be unknown itself; set nested attribute values to unknown instead
      - .spec[0].template[0].spec[0].container[0].tty: planned value cty.False for a non-computed attribute
      - .spec[0].template[0].spec[0].container[0].termination_message_path: planned value cty.StringVal("/dev/termination-log") for a non-computed attribute
      - .spec[0].template[0].spec[0].container[0].stdin: planned value cty.False for a non-computed attribute
      - .spec[0].template[0].spec[0].container[0].stdin_once: planned value cty.False for a non-computed attribute
      - .spec[0].template[0].spec[0].container[0].volume_mount[0].mount_propagation: planned value cty.StringVal("None") for a non-computed attribute
      - .spec[0].template[0].spec[0].container[0].volume_mount[0].read_only: planned value cty.False for a non-computed attribute
      - .spec[0].template[0].spec[0].container[0].resources: attribute representing nested block must not be unknown itself; set nested attribute values to unknown instead
      - .spec[0].template[0].spec[0].image_pull_secrets: attribute representing nested block must not be unknown itself; set nested attribute values to unknown instead
2025-02-07T02:42:33.773+0200 [INFO]  Starting apply for module.prometheus.kubernetes_deployment.reactory_prometheus
2025-02-07T02:42:33.932+0200 [WARN]  Provider "provider[\"registry.terraform.io/hashicorp/kubernetes\"]" produced an unexpected new value for module.mongodb.kubernetes_persistent_volume.mongodb_data, but we are tolerating it because it is using the legacy plugin SDK.
    The following problems may be the cause of any confusing errors from downstream operations:
      - .spec[0].storage_class_name: was null, but now cty.StringVal("")
      - .spec[0].persistent_volume_source[0].host_path[0].type: was null, but now cty.StringVal("")
2025-02-07T02:42:33.932+0200 [WARN]  Provider "provider[\"registry.terraform.io/hashicorp/kubernetes\"]" produced an unexpected new value for module.postgres.kubernetes_persistent_volume.postgres_data, but we are tolerating it because it is using the legacy plugin SDK.
    The following problems may be the cause of any confusing errors from downstream operations:
      - .spec[0].storage_class_name: was null, but now cty.StringVal("")
      - .spec[0].persistent_volume_source[0].host_path[0].type: was null, but now cty.StringVal("")
2025-02-07T02:42:33.933+0200 [WARN]  Provider "provider[\"registry.terraform.io/hashicorp/kubernetes\"]" produced an unexpected new value for module.express_server.kubernetes_persistent_volume.reactory_data, but we are tolerating it because it is using the legacy plugin SDK.
    The following problems may be the cause of any confusing errors from downstream operations:
      - .spec[0].storage_class_name: was null, but now cty.StringVal("")
      - .spec[0].persistent_volume_source[0].host_path[0].type: was null, but now cty.StringVal("")
2025-02-07T02:42:33.933+0200 [WARN]  Provider "provider[\"registry.terraform.io/hashicorp/kubernetes\"]" produced an unexpected new value for module.redis.kubernetes_persistent_volume.redis_data, but we are tolerating it because it is using the legacy plugin SDK.
    The following problems may be the cause of any confusing errors from downstream operations:
      - .spec[0].storage_class_name: was null, but now cty.StringVal("")
      - .spec[0].persistent_volume_source[0].host_path[0].type: was null, but now cty.StringVal("")
2025-02-07T02:42:33.933+0200 [WARN]  Provider "provider[\"registry.terraform.io/hashicorp/kubernetes\"]" produced an unexpected new value for module.meilisearch.kubernetes_persistent_volume.meilisearch_data, but we are tolerating it because it is using the legacy plugin SDK.
    The following problems may be the cause of any confusing errors from downstream operations:
      - .spec[0].storage_class_name: was null, but now cty.StringVal("")
      - .spec[0].persistent_volume_source[0].host_path[0].type: was null, but now cty.StringVal("")
2025-02-07T02:42:33.947+0200 [WARN]  Provider "registry.terraform.io/hashicorp/kubernetes" produced an invalid plan for module.express_server.kubernetes_persistent_volume_claim.reactory_data, but we are tolerating it because it is using the legacy plugin SDK.
    The following problems may be the cause of any confusing errors from downstream operations:
      - .wait_until_bound: planned value cty.True for a non-computed attribute
2025-02-07T02:42:33.951+0200 [INFO]  Starting apply for module.express_server.kubernetes_persistent_volume_claim.reactory_data
2025-02-07T02:42:33.958+0200 [WARN]  Provider "registry.terraform.io/hashicorp/kubernetes" produced an invalid plan for module.jaeger.kubernetes_deployment.reactory_jaeger, but we are tolerating it because it is using the legacy plugin SDK.
    The following problems may be the cause of any confusing errors from downstream operations:
      - .wait_for_rollout: planned value cty.True for a non-computed attribute
      - .spec[0].progress_deadline_seconds: planned value cty.NumberIntVal(600) for a non-computed attribute
      - .spec[0].revision_history_limit: planned value cty.NumberIntVal(10) for a non-computed attribute
      - .spec[0].min_ready_seconds: planned value cty.NumberIntVal(0) for a non-computed attribute
      - .spec[0].paused: planned value cty.False for a non-computed attribute
      - .spec[0].strategy: attribute representing nested block must not be unknown itself; set nested attribute values to unknown instead
      - .spec[0].template[0].spec[0].automount_service_account_token: planned value cty.True for a non-computed attribute
      - .spec[0].template[0].spec[0].restart_policy: planned value cty.StringVal("Always") for a non-computed attribute
      - .spec[0].template[0].spec[0].dns_policy: planned value cty.StringVal("ClusterFirst") for a non-computed attribute
      - .spec[0].template[0].spec[0].host_network: planned value cty.False for a non-computed attribute
      - .spec[0].template[0].spec[0].enable_service_links: planned value cty.True for a non-computed attribute
      - .spec[0].template[0].spec[0].host_pid: planned value cty.False for a non-computed attribute
      - .spec[0].template[0].spec[0].share_process_namespace: planned value cty.False for a non-computed attribute
      - .spec[0].template[0].spec[0].host_ipc: planned value cty.False for a non-computed attribute
      - .spec[0].template[0].spec[0].termination_grace_period_seconds: planned value cty.NumberIntVal(30) for a non-computed attribute
      - .spec[0].template[0].spec[0].readiness_gate: attribute representing nested block must not be unknown itself; set nested attribute values to unknown instead
      - .spec[0].template[0].spec[0].container[0].tty: planned value cty.False for a non-computed attribute
      - .spec[0].template[0].spec[0].container[0].stdin_once: planned value cty.False for a non-computed attribute
      - .spec[0].template[0].spec[0].container[0].termination_message_path: planned value cty.StringVal("/dev/termination-log") for a non-computed attribute
      - .spec[0].template[0].spec[0].container[0].stdin: planned value cty.False for a non-computed attribute
      - .spec[0].template[0].spec[0].container[0].port[0].protocol: planned value cty.StringVal("TCP") for a non-computed attribute
      - .spec[0].template[0].spec[0].container[0].port[1].protocol: planned value cty.StringVal("TCP") for a non-computed attribute
      - .spec[0].template[0].spec[0].container[0].resources: attribute representing nested block must not be unknown itself; set nested attribute values to unknown instead
      - .spec[0].template[0].spec[0].image_pull_secrets: attribute representing nested block must not be unknown itself; set nested attribute values to unknown instead
2025-02-07T02:42:33.958+0200 [INFO]  Starting apply for module.jaeger.kubernetes_deployment.reactory_jaeger
2025-02-07T02:42:33.960+0200 [WARN]  Provider "registry.terraform.io/hashicorp/kubernetes" produced an invalid plan for module.express_server.kubernetes_service.reactory_express_server, but we are tolerating it because it is using the legacy plugin SDK.
    The following problems may be the cause of any confusing errors from downstream operations:
      - .wait_for_load_balancer: planned value cty.True for a non-computed attribute
      - .spec[0].publish_not_ready_addresses: planned value cty.False for a non-computed attribute
      - .spec[0].session_affinity: planned value cty.StringVal("None") for a non-computed attribute
      - .spec[0].allocate_load_balancer_node_ports: planned value cty.True for a non-computed attribute
      - .spec[0].port[0].protocol: planned value cty.StringVal("TCP") for a non-computed attribute
      - .spec[0].session_affinity_config: attribute representing nested block must not be unknown itself; set nested attribute values to unknown instead
2025-02-07T02:42:33.961+0200 [WARN]  Provider "registry.terraform.io/hashicorp/kubernetes" produced an invalid plan for module.jaeger.kubernetes_service.reactory_jaeger, but we are tolerating it because it is using the legacy plugin SDK.
    The following problems may be the cause of any confusing errors from downstream operations:
      - .wait_for_load_balancer: planned value cty.True for a non-computed attribute
      - .spec[0].session_affinity: planned value cty.StringVal("None") for a non-computed attribute
      - .spec[0].allocate_load_balancer_node_ports: planned value cty.True for a non-computed attribute
      - .spec[0].publish_not_ready_addresses: planned value cty.False for a non-computed attribute
      - .spec[0].port[0].protocol: planned value cty.StringVal("TCP") for a non-computed attribute
      - .spec[0].port[1].protocol: planned value cty.StringVal("TCP") for a non-computed attribute
      - .spec[0].session_affinity_config: attribute representing nested block must not be unknown itself; set nested attribute values to unknown instead
2025-02-07T02:42:33.962+0200 [INFO]  Starting apply for module.express_server.kubernetes_service.reactory_express_server
2025-02-07T02:42:33.962+0200 [INFO]  Starting apply for module.jaeger.kubernetes_service.reactory_jaeger
2025-02-07T02:42:33.965+0200 [WARN]  Provider "registry.terraform.io/hashicorp/kubernetes" produced an invalid plan for module.prometheus.kubernetes_service.reactory_prometheus, but we are tolerating it because it is using the legacy plugin SDK.
    The following problems may be the cause of any confusing errors from downstream operations:
      - .wait_for_load_balancer: planned value cty.True for a non-computed attribute
      - .spec[0].allocate_load_balancer_node_ports: planned value cty.True for a non-computed attribute
      - .spec[0].publish_not_ready_addresses: planned value cty.False for a non-computed attribute
      - .spec[0].session_affinity: planned value cty.StringVal("None") for a non-computed attribute
      - .spec[0].port[0].protocol: planned value cty.StringVal("TCP") for a non-computed attribute
      - .spec[0].session_affinity_config: attribute representing nested block must not be unknown itself; set nested attribute values to unknown instead
2025-02-07T02:42:33.966+0200 [INFO]  Starting apply for module.prometheus.kubernetes_service.reactory_prometheus
2025-02-07T02:42:33.994+0200 [WARN]  Provider "provider[\"registry.terraform.io/hashicorp/kubernetes\"]" produced an unexpected new value for module.jaeger.kubernetes_service.reactory_jaeger, but we are tolerating it because it is using the legacy plugin SDK.
    The following problems may be the cause of any confusing errors from downstream operations:
      - .metadata[0].generate_name: was null, but now cty.StringVal("")
      - .spec[0].load_balancer_ip: was null, but now cty.StringVal("")
      - .spec[0].load_balancer_class: was null, but now cty.StringVal("")
      - .spec[0].external_name: was null, but now cty.StringVal("")
      - .spec[0].port[0].app_protocol: was null, but now cty.StringVal("")
      - .spec[0].port[1].app_protocol: was null, but now cty.StringVal("")
2025-02-07T02:42:34.000+0200 [WARN]  Provider "provider[\"registry.terraform.io/hashicorp/kubernetes\"]" produced an unexpected new value for module.prometheus.kubernetes_service.reactory_prometheus, but we are tolerating it because it is using the legacy plugin SDK.
    The following problems may be the cause of any confusing errors from downstream operations:
      - .metadata[0].generate_name: was null, but now cty.StringVal("")
      - .spec[0].load_balancer_ip: was null, but now cty.StringVal("")
      - .spec[0].load_balancer_class: was null, but now cty.StringVal("")
      - .spec[0].external_name: was null, but now cty.StringVal("")
      - .spec[0].port[0].app_protocol: was null, but now cty.StringVal("")
      - .spec[0].port[0].name: was null, but now cty.StringVal("")
2025-02-07T02:42:34.002+0200 [WARN]  Provider "registry.terraform.io/hashicorp/kubernetes" produced an invalid plan for module.pwa_client.kubernetes_service.reactory_nginx, but we are tolerating it because it is using the legacy plugin SDK.
    The following problems may be the cause of any confusing errors from downstream operations:
      - .wait_for_load_balancer: planned value cty.True for a non-computed attribute
      - .spec[0].publish_not_ready_addresses: planned value cty.False for a non-computed attribute
      - .spec[0].session_affinity: planned value cty.StringVal("None") for a non-computed attribute
      - .spec[0].allocate_load_balancer_node_ports: planned value cty.True for a non-computed attribute
      - .spec[0].port[0].protocol: planned value cty.StringVal("TCP") for a non-computed attribute
      - .spec[0].session_affinity_config: attribute representing nested block must not be unknown itself; set nested attribute values to unknown instead
2025-02-07T02:42:34.005+0200 [WARN]  Provider "provider[\"registry.terraform.io/hashicorp/kubernetes\"]" produced an unexpected new value for module.express_server.kubernetes_service.reactory_express_server, but we are tolerating it because it is using the legacy plugin SDK.
    The following problems may be the cause of any confusing errors from downstream operations:
      - .metadata[0].generate_name: was null, but now cty.StringVal("")
      - .spec[0].load_balancer_ip: was null, but now cty.StringVal("")
      - .spec[0].load_balancer_class: was null, but now cty.StringVal("")
      - .spec[0].external_name: was null, but now cty.StringVal("")
      - .spec[0].port[0].app_protocol: was null, but now cty.StringVal("")
      - .spec[0].port[0].name: was null, but now cty.StringVal("")
2025-02-07T02:42:34.005+0200 [INFO]  Starting apply for module.pwa_client.kubernetes_service.reactory_nginx
2025-02-07T02:42:34.012+0200 [WARN]  Provider "registry.terraform.io/hashicorp/kubernetes" produced an invalid plan for module.meilisearch.kubernetes_persistent_volume_claim.meilisearch_data, but we are tolerating it because it is using the legacy plugin SDK.
    The following problems may be the cause of any confusing errors from downstream operations:
      - .wait_until_bound: planned value cty.True for a non-computed attribute
2025-02-07T02:42:34.012+0200 [INFO]  Starting apply for module.meilisearch.kubernetes_persistent_volume_claim.meilisearch_data
2025-02-07T02:42:34.017+0200 [WARN]  Provider "provider[\"registry.terraform.io/hashicorp/kubernetes\"]" produced an unexpected new value for module.pwa_client.kubernetes_service.reactory_nginx, but we are tolerating it because it is using the legacy plugin SDK.
    The following problems may be the cause of any confusing errors from downstream operations:
      - .spec[0].load_balancer_ip: was null, but now cty.StringVal("")
      - .spec[0].load_balancer_class: was null, but now cty.StringVal("")
      - .spec[0].external_name: was null, but now cty.StringVal("")
      - .spec[0].port[0].app_protocol: was null, but now cty.StringVal("")
      - .spec[0].port[0].name: was null, but now cty.StringVal("")
      - .metadata[0].generate_name: was null, but now cty.StringVal("")
2025-02-07T02:42:34.019+0200 [WARN]  Provider "registry.terraform.io/hashicorp/kubernetes" produced an invalid plan for module.pwa_client.kubernetes_deployment.reactory_pwa_client, but we are tolerating it because it is using the legacy plugin SDK.
    The following problems may be the cause of any confusing errors from downstream operations:
      - .wait_for_rollout: planned value cty.True for a non-computed attribute
      - .spec[0].revision_history_limit: planned value cty.NumberIntVal(10) for a non-computed attribute
      - .spec[0].min_ready_seconds: planned value cty.NumberIntVal(0) for a non-computed attribute
      - .spec[0].paused: planned value cty.False for a non-computed attribute
      - .spec[0].progress_deadline_seconds: planned value cty.NumberIntVal(600) for a non-computed attribute
      - .spec[0].strategy: attribute representing nested block must not be unknown itself; set nested attribute values to unknown instead
      - .spec[0].template[0].spec[0].automount_service_account_token: planned value cty.True for a non-computed attribute
      - .spec[0].template[0].spec[0].restart_policy: planned value cty.StringVal("Always") for a non-computed attribute
      - .spec[0].template[0].spec[0].dns_policy: planned value cty.StringVal("ClusterFirst") for a non-computed attribute
      - .spec[0].template[0].spec[0].host_network: planned value cty.False for a non-computed attribute
      - .spec[0].template[0].spec[0].enable_service_links: planned value cty.True for a non-computed attribute
      - .spec[0].template[0].spec[0].host_pid: planned value cty.False for a non-computed attribute
      - .spec[0].template[0].spec[0].share_process_namespace: planned value cty.False for a non-computed attribute
      - .spec[0].template[0].spec[0].termination_grace_period_seconds: planned value cty.NumberIntVal(30) for a non-computed attribute
      - .spec[0].template[0].spec[0].host_ipc: planned value cty.False for a non-computed attribute
      - .spec[0].template[0].spec[0].readiness_gate: attribute representing nested block must not be unknown itself; set nested attribute values to unknown instead
      - .spec[0].template[0].spec[0].image_pull_secrets: attribute representing nested block must not be unknown itself; set nested attribute values to unknown instead
      - .spec[0].template[0].spec[0].container[0].tty: planned value cty.False for a non-computed attribute
      - .spec[0].template[0].spec[0].container[0].stdin: planned value cty.False for a non-computed attribute
      - .spec[0].template[0].spec[0].container[0].stdin_once: planned value cty.False for a non-computed attribute
      - .spec[0].template[0].spec[0].container[0].termination_message_path: planned value cty.StringVal("/dev/termination-log") for a non-computed attribute
      - .spec[0].template[0].spec[0].container[0].port[0].protocol: planned value cty.StringVal("TCP") for a non-computed attribute
      - .spec[0].template[0].spec[0].container[0].resources: attribute representing nested block must not be unknown itself; set nested attribute values to unknown instead
2025-02-07T02:42:34.023+0200 [INFO]  Starting apply for module.pwa_client.kubernetes_deployment.reactory_pwa_client
2025-02-07T02:42:46.579+0200 [WARN]  Provider "provider[\"registry.terraform.io/hashicorp/kubernetes\"]" produced an unexpected new value for module.express_server.kubernetes_persistent_volume_claim.reactory_data, but we are tolerating it because it is using the legacy plugin SDK.
    The following problems may be the cause of any confusing errors from downstream operations:
      - .metadata[0].generate_name: was null, but now cty.StringVal("")
2025-02-07T02:42:46.613+0200 [WARN]  Provider "registry.terraform.io/hashicorp/kubernetes" produced an invalid plan for module.express_server.kubernetes_deployment.reactory_express_server, but we are tolerating it because it is using the legacy plugin SDK.
    The following problems may be the cause of any confusing errors from downstream operations:
      - .wait_for_rollout: planned value cty.True for a non-computed attribute
      - .spec[0].min_ready_seconds: planned value cty.NumberIntVal(0) for a non-computed attribute
      - .spec[0].paused: planned value cty.False for a non-computed attribute
      - .spec[0].progress_deadline_seconds: planned value cty.NumberIntVal(600) for a non-computed attribute
      - .spec[0].revision_history_limit: planned value cty.NumberIntVal(10) for a non-computed attribute
      - .spec[0].strategy: attribute representing nested block must not be unknown itself; set nested attribute values to unknown instead
      - .spec[0].template[0].spec[0].termination_grace_period_seconds: planned value cty.NumberIntVal(30) for a non-computed attribute
      - .spec[0].template[0].spec[0].host_ipc: planned value cty.False for a non-computed attribute
      - .spec[0].template[0].spec[0].automount_service_account_token: planned value cty.True for a non-computed attribute
      - .spec[0].template[0].spec[0].restart_policy: planned value cty.StringVal("Always") for a non-computed attribute
      - .spec[0].template[0].spec[0].dns_policy: planned value cty.StringVal("ClusterFirst") for a non-computed attribute
      - .spec[0].template[0].spec[0].host_network: planned value cty.False for a non-computed attribute
      - .spec[0].template[0].spec[0].share_process_namespace: planned value cty.False for a non-computed attribute
      - .spec[0].template[0].spec[0].enable_service_links: planned value cty.True for a non-computed attribute
      - .spec[0].template[0].spec[0].host_pid: planned value cty.False for a non-computed attribute
      - .spec[0].template[0].spec[0].volume[0].persistent_volume_claim[0].read_only: planned value cty.False for a non-computed attribute
      - .spec[0].template[0].spec[0].readiness_gate: attribute representing nested block must not be unknown itself; set nested attribute values to unknown instead
      - .spec[0].template[0].spec[0].image_pull_secrets: attribute representing nested block must not be unknown itself; set nested attribute values to unknown instead
      - .spec[0].template[0].spec[0].container[0].tty: planned value cty.False for a non-computed attribute
      - .spec[0].template[0].spec[0].container[0].termination_message_path: planned value cty.StringVal("/dev/termination-log") for a non-computed attribute
      - .spec[0].template[0].spec[0].container[0].stdin: planned value cty.False for a non-computed attribute
      - .spec[0].template[0].spec[0].container[0].stdin_once: planned value cty.False for a non-computed attribute
      - .spec[0].template[0].spec[0].container[0].resources: attribute representing nested block must not be unknown itself; set nested attribute values to unknown instead
      - .spec[0].template[0].spec[0].container[0].volume_mount[0].mount_propagation: planned value cty.StringVal("None") for a non-computed attribute
      - .spec[0].template[0].spec[0].container[0].volume_mount[0].read_only: planned value cty.False for a non-computed attribute
      - .spec[0].template[0].spec[0].container[0].volume_mount[1].mount_propagation: planned value cty.StringVal("None") for a non-computed attribute
      - .spec[0].template[0].spec[0].container[0].volume_mount[1].read_only: planned value cty.False for a non-computed attribute
2025-02-07T02:42:46.613+0200 [INFO]  Starting apply for module.express_server.kubernetes_deployment.reactory_express_server
2025-02-07T02:42:46.648+0200 [WARN]  Provider "provider[\"registry.terraform.io/hashicorp/kubernetes\"]" produced an unexpected new value for module.meilisearch.kubernetes_persistent_volume_claim.meilisearch_data, but we are tolerating it because it is using the legacy plugin SDK.
    The following problems may be the cause of any confusing errors from downstream operations:
      - .metadata[0].generate_name: was null, but now cty.StringVal("")
2025-02-07T02:42:46.672+0200 [WARN]  Provider "registry.terraform.io/hashicorp/kubernetes" produced an invalid plan for module.meilisearch.kubernetes_deployment.reactory_meilisearch, but we are tolerating it because it is using the legacy plugin SDK.
    The following problems may be the cause of any confusing errors from downstream operations:
      - .wait_for_rollout: planned value cty.True for a non-computed attribute
      - .spec[0].min_ready_seconds: planned value cty.NumberIntVal(0) for a non-computed attribute
      - .spec[0].paused: planned value cty.False for a non-computed attribute
      - .spec[0].progress_deadline_seconds: planned value cty.NumberIntVal(600) for a non-computed attribute
      - .spec[0].revision_history_limit: planned value cty.NumberIntVal(10) for a non-computed attribute
      - .spec[0].strategy: attribute representing nested block must not be unknown itself; set nested attribute values to unknown instead
      - .spec[0].template[0].spec[0].enable_service_links: planned value cty.True for a non-computed attribute
      - .spec[0].template[0].spec[0].host_pid: planned value cty.False for a non-computed attribute
      - .spec[0].template[0].spec[0].share_process_namespace: planned value cty.False for a non-computed attribute
      - .spec[0].template[0].spec[0].host_ipc: planned value cty.False for a non-computed attribute
      - .spec[0].template[0].spec[0].termination_grace_period_seconds: planned value cty.NumberIntVal(30) for a non-computed attribute
      - .spec[0].template[0].spec[0].automount_service_account_token: planned value cty.True for a non-computed attribute
      - .spec[0].template[0].spec[0].restart_policy: planned value cty.StringVal("Always") for a non-computed attribute
      - .spec[0].template[0].spec[0].dns_policy: planned value cty.StringVal("ClusterFirst") for a non-computed attribute
      - .spec[0].template[0].spec[0].host_network: planned value cty.False for a non-computed attribute
      - .spec[0].template[0].spec[0].volume[0].persistent_volume_claim[0].read_only: planned value cty.False for a non-computed attribute
      - .spec[0].template[0].spec[0].readiness_gate: attribute representing nested block must not be unknown itself; set nested attribute values to unknown instead
      - .spec[0].template[0].spec[0].image_pull_secrets: attribute representing nested block must not be unknown itself; set nested attribute values to unknown instead
      - .spec[0].template[0].spec[0].container[0].tty: planned value cty.False for a non-computed attribute
      - .spec[0].template[0].spec[0].container[0].stdin: planned value cty.False for a non-computed attribute
      - .spec[0].template[0].spec[0].container[0].stdin_once: planned value cty.False for a non-computed attribute
      - .spec[0].template[0].spec[0].container[0].termination_message_path: planned value cty.StringVal("/dev/termination-log") for a non-computed attribute
      - .spec[0].template[0].spec[0].container[0].resources: attribute representing nested block must not be unknown itself; set nested attribute values to unknown instead
      - .spec[0].template[0].spec[0].container[0].volume_mount[0].mount_propagation: planned value cty.StringVal("None") for a non-computed attribute
      - .spec[0].template[0].spec[0].container[0].volume_mount[0].read_only: planned value cty.False for a non-computed attribute
2025-02-07T02:42:46.673+0200 [INFO]  Starting apply for module.meilisearch.kubernetes_deployment.reactory_meilisearch
2025-02-07T02:42:56.403+0200 [WARN]  Provider "provider[\"registry.terraform.io/hashicorp/kubernetes\"]" produced an unexpected new value for module.postgres.kubernetes_persistent_volume_claim.postgres_data, but we are tolerating it because it is using the legacy plugin SDK.
    The following problems may be the cause of any confusing errors from downstream operations:
      - .metadata[0].generate_name: was null, but now cty.StringVal("")
2025-02-07T02:42:56.403+0200 [WARN]  Provider "provider[\"registry.terraform.io/hashicorp/kubernetes\"]" produced an unexpected new value for module.redis.kubernetes_persistent_volume_claim.redis_data, but we are tolerating it because it is using the legacy plugin SDK.
    The following problems may be the cause of any confusing errors from downstream operations:
      - .metadata[0].generate_name: was null, but now cty.StringVal("")
2025-02-07T02:42:56.406+0200 [WARN]  Provider "provider[\"registry.terraform.io/hashicorp/kubernetes\"]" produced an unexpected new value for module.mongodb.kubernetes_persistent_volume_claim.mongodb_data, but we are tolerating it because it is using the legacy plugin SDK.
    The following problems may be the cause of any confusing errors from downstream operations:
      - .metadata[0].generate_name: was null, but now cty.StringVal("")
2025-02-07T02:42:56.453+0200 [WARN]  Provider "registry.terraform.io/hashicorp/kubernetes" produced an invalid plan for module.redis.kubernetes_deployment.reactory_redis, but we are tolerating it because it is using the legacy plugin SDK.
    The following problems may be the cause of any confusing errors from downstream operations:
      - .wait_for_rollout: planned value cty.True for a non-computed attribute
      - .spec[0].progress_deadline_seconds: planned value cty.NumberIntVal(600) for a non-computed attribute
      - .spec[0].revision_history_limit: planned value cty.NumberIntVal(10) for a non-computed attribute
      - .spec[0].min_ready_seconds: planned value cty.NumberIntVal(0) for a non-computed attribute
      - .spec[0].paused: planned value cty.False for a non-computed attribute
      - .spec[0].strategy: attribute representing nested block must not be unknown itself; set nested attribute values to unknown instead
      - .spec[0].template[0].spec[0].automount_service_account_token: planned value cty.True for a non-computed attribute
      - .spec[0].template[0].spec[0].restart_policy: planned value cty.StringVal("Always") for a non-computed attribute
      - .spec[0].template[0].spec[0].dns_policy: planned value cty.StringVal("ClusterFirst") for a non-computed attribute
      - .spec[0].template[0].spec[0].host_network: planned value cty.False for a non-computed attribute
      - .spec[0].template[0].spec[0].enable_service_links: planned value cty.True for a non-computed attribute
      - .spec[0].template[0].spec[0].host_pid: planned value cty.False for a non-computed attribute
      - .spec[0].template[0].spec[0].share_process_namespace: planned value cty.False for a non-computed attribute
      - .spec[0].template[0].spec[0].host_ipc: planned value cty.False for a non-computed attribute
      - .spec[0].template[0].spec[0].termination_grace_period_seconds: planned value cty.NumberIntVal(30) for a non-computed attribute
      - .spec[0].template[0].spec[0].container[0].stdin: planned value cty.False for a non-computed attribute
      - .spec[0].template[0].spec[0].container[0].stdin_once: planned value cty.False for a non-computed attribute
      - .spec[0].template[0].spec[0].container[0].termination_message_path: planned value cty.StringVal("/dev/termination-log") for a non-computed attribute
      - .spec[0].template[0].spec[0].container[0].tty: planned value cty.False for a non-computed attribute
      - .spec[0].template[0].spec[0].container[0].resources: attribute representing nested block must not be unknown itself; set nested attribute values to unknown instead
      - .spec[0].template[0].spec[0].container[0].volume_mount[0].mount_propagation: planned value cty.StringVal("None") for a non-computed attribute
      - .spec[0].template[0].spec[0].container[0].volume_mount[0].read_only: planned value cty.False for a non-computed attribute
      - .spec[0].template[0].spec[0].image_pull_secrets: attribute representing nested block must not be unknown itself; set nested attribute values to unknown instead
      - .spec[0].template[0].spec[0].readiness_gate: attribute representing nested block must not be unknown itself; set nested attribute values to unknown instead
      - .spec[0].template[0].spec[0].volume[0].persistent_volume_claim[0].read_only: planned value cty.False for a non-computed attribute
2025-02-07T02:42:56.453+0200 [INFO]  Starting apply for module.redis.kubernetes_deployment.reactory_redis
2025-02-07T02:42:56.454+0200 [WARN]  Provider "registry.terraform.io/hashicorp/kubernetes" produced an invalid plan for module.mongodb.kubernetes_deployment.reactory_mongodb, but we are tolerating it because it is using the legacy plugin SDK.
    The following problems may be the cause of any confusing errors from downstream operations:
      - .wait_for_rollout: planned value cty.True for a non-computed attribute
      - .spec[0].min_ready_seconds: planned value cty.NumberIntVal(0) for a non-computed attribute
      - .spec[0].paused: planned value cty.False for a non-computed attribute
      - .spec[0].progress_deadline_seconds: planned value cty.NumberIntVal(600) for a non-computed attribute
      - .spec[0].revision_history_limit: planned value cty.NumberIntVal(10) for a non-computed attribute
      - .spec[0].strategy: attribute representing nested block must not be unknown itself; set nested attribute values to unknown instead
      - .spec[0].template[0].spec[0].dns_policy: planned value cty.StringVal("ClusterFirst") for a non-computed attribute
      - .spec[0].template[0].spec[0].host_network: planned value cty.False for a non-computed attribute
      - .spec[0].template[0].spec[0].enable_service_links: planned value cty.True for a non-computed attribute
      - .spec[0].template[0].spec[0].host_pid: planned value cty.False for a non-computed attribute
      - .spec[0].template[0].spec[0].share_process_namespace: planned value cty.False for a non-computed attribute
      - .spec[0].template[0].spec[0].host_ipc: planned value cty.False for a non-computed attribute
      - .spec[0].template[0].spec[0].termination_grace_period_seconds: planned value cty.NumberIntVal(30) for a non-computed attribute
      - .spec[0].template[0].spec[0].automount_service_account_token: planned value cty.True for a non-computed attribute
      - .spec[0].template[0].spec[0].restart_policy: planned value cty.StringVal("Always") for a non-computed attribute
      - .spec[0].template[0].spec[0].volume[0].persistent_volume_claim[0].read_only: planned value cty.False for a non-computed attribute
      - .spec[0].template[0].spec[0].readiness_gate: attribute representing nested block must not be unknown itself; set nested attribute values to unknown instead
      - .spec[0].template[0].spec[0].image_pull_secrets: attribute representing nested block must not be unknown itself; set nested attribute values to unknown instead
      - .spec[0].template[0].spec[0].container[0].stdin: planned value cty.False for a non-computed attribute
      - .spec[0].template[0].spec[0].container[0].stdin_once: planned value cty.False for a non-computed attribute
      - .spec[0].template[0].spec[0].container[0].termination_message_path: planned value cty.StringVal("/dev/termination-log") for a non-computed attribute
      - .spec[0].template[0].spec[0].container[0].tty: planned value cty.False for a non-computed attribute
      - .spec[0].template[0].spec[0].container[0].resources: attribute representing nested block must not be unknown itself; set nested attribute values to unknown instead
      - .spec[0].template[0].spec[0].container[0].volume_mount[0].mount_propagation: planned value cty.StringVal("None") for a non-computed attribute
      - .spec[0].template[0].spec[0].container[0].volume_mount[0].read_only: planned value cty.False for a non-computed attribute
2025-02-07T02:42:56.454+0200 [WARN]  Provider "registry.terraform.io/hashicorp/kubernetes" produced an invalid plan for module.postgres.kubernetes_deployment.reactory_postgres, but we are tolerating it because it is using the legacy plugin SDK.
    The following problems may be the cause of any confusing errors from downstream operations:
      - .wait_for_rollout: planned value cty.True for a non-computed attribute
      - .spec[0].min_ready_seconds: planned value cty.NumberIntVal(0) for a non-computed attribute
      - .spec[0].paused: planned value cty.False for a non-computed attribute
      - .spec[0].progress_deadline_seconds: planned value cty.NumberIntVal(600) for a non-computed attribute
      - .spec[0].revision_history_limit: planned value cty.NumberIntVal(10) for a non-computed attribute
      - .spec[0].strategy: attribute representing nested block must not be unknown itself; set nested attribute values to unknown instead
      - .spec[0].template[0].spec[0].restart_policy: planned value cty.StringVal("Always") for a non-computed attribute
      - .spec[0].template[0].spec[0].automount_service_account_token: planned value cty.True for a non-computed attribute
      - .spec[0].template[0].spec[0].host_network: planned value cty.False for a non-computed attribute
      - .spec[0].template[0].spec[0].dns_policy: planned value cty.StringVal("ClusterFirst") for a non-computed attribute
      - .spec[0].template[0].spec[0].host_pid: planned value cty.False for a non-computed attribute
      - .spec[0].template[0].spec[0].share_process_namespace: planned value cty.False for a non-computed attribute
      - .spec[0].template[0].spec[0].enable_service_links: planned value cty.True for a non-computed attribute
      - .spec[0].template[0].spec[0].host_ipc: planned value cty.False for a non-computed attribute
      - .spec[0].template[0].spec[0].termination_grace_period_seconds: planned value cty.NumberIntVal(30) for a non-computed attribute
      - .spec[0].template[0].spec[0].readiness_gate: attribute representing nested block must not be unknown itself; set nested attribute values to unknown instead
      - .spec[0].template[0].spec[0].volume[0].persistent_volume_claim[0].read_only: planned value cty.False for a non-computed attribute
      - .spec[0].template[0].spec[0].container[0].stdin: planned value cty.False for a non-computed attribute
      - .spec[0].template[0].spec[0].container[0].stdin_once: planned value cty.False for a non-computed attribute
      - .spec[0].template[0].spec[0].container[0].termination_message_path: planned value cty.StringVal("/dev/termination-log") for a non-computed attribute
      - .spec[0].template[0].spec[0].container[0].tty: planned value cty.False for a non-computed attribute
      - .spec[0].template[0].spec[0].container[0].volume_mount[0].mount_propagation: planned value cty.StringVal("None") for a non-computed attribute
      - .spec[0].template[0].spec[0].container[0].volume_mount[0].read_only: planned value cty.False for a non-computed attribute
      - .spec[0].template[0].spec[0].container[0].resources: attribute representing nested block must not be unknown itself; set nested attribute values to unknown instead
      - .spec[0].template[0].spec[0].image_pull_secrets: attribute representing nested block must not be unknown itself; set nested attribute values to unknown instead
2025-02-07T02:42:56.454+0200 [INFO]  Starting apply for module.mongodb.kubernetes_deployment.reactory_mongodb
2025-02-07T02:42:56.454+0200 [INFO]  Starting apply for module.postgres.kubernetes_deployment.reactory_postgres
2025-02-07T02:43:20.317+0200 [WARN]  terraform: Stop called, initiating interrupt sequence
2025-02-07T02:43:20.317+0200 [WARN]  terraform: run context exists, stopping
2025-02-07T02:43:20.317+0200 [INFO]  terraform: waiting for graceful stop to complete
2025-02-07T02:43:20.318+0200 [ERROR] provider.terraform-provider-kubernetes_v2.35.1_x5: Error from downstream: @caller=github.com/hashicorp/terraform-plugin-go@v0.25.0/tfprotov5/tf5server/server.go:629 @module=sdk.proto tf_req_id=2fcadd1a-05b8-5939-b839-b722050d9be9 tf_rpc=Stop error="error stopping *provider.RawProviderServer: rpc error: code = Unimplemented desc = method Stop not implemented" tf_proto_version=5.7 tf_provider_addr=registry.terraform.io/hashicorp/kubernetes timestamp="2025-02-07T02:43:20.318+0200"
2025-02-07T02:43:20.823+0200 [WARN]  running operation was forcefully canceled
2025-02-07T02:43:20.827+0200 [ERROR] plugin.(*GRPCProvider).ApplyResourceChange: error="rpc error: code = Unavailable desc = error reading from server: EOF"
2025-02-07T02:43:20.827+0200 [ERROR] plugin.(*GRPCProvider).ApplyResourceChange: error="rpc error: code = Unavailable desc = error reading from server: EOF"
2025-02-07T02:43:20.827+0200 [ERROR] plugin.(*GRPCProvider).ApplyResourceChange: error="rpc error: code = Unavailable desc = error reading from server: EOF"
2025-02-07T02:43:20.828+0200 [ERROR] plugin.(*GRPCProvider).ApplyResourceChange: error="rpc error: code = Unavailable desc = error reading from server: EOF"
2025-02-07T02:43:20.827+0200 [ERROR] plugin.(*GRPCProvider).ApplyResourceChange: error="rpc error: code = Unavailable desc = error reading from server: EOF"
2025-02-07T02:43:20.828+0200 [ERROR] plugin.(*GRPCProvider).ApplyResourceChange: error="rpc error: code = Unavailable desc = error reading from server: EOF"
2025-02-07T02:43:20.828+0200 [ERROR] plugin.(*GRPCProvider).ApplyResourceChange: error="rpc error: code = Unavailable desc = error reading from server: EOF"
2025-02-07T02:43:20.827+0200 [ERROR] plugin.(*GRPCProvider).ApplyResourceChange: error="rpc error: code = Unavailable desc = error reading from server: EOF"
2025-02-07T02:43:20.827+0200 [ERROR] plugin.(*GRPCProvider).ApplyResourceChange: error="rpc error: code = Unavailable desc = error reading from server: EOF"
2025-02-07T02:43:20.831+0200 [INFO]  provider: plugin process exited: plugin=.terraform/providers/registry.terraform.io/hashicorp/kubernetes/2.35.1/darwin_arm64/terraform-provider-kubernetes_v2.35.1_x5 id=21240
