2025-02-06T08:07:37.524+0200 [INFO]  Terraform version: 1.10.3
2025-02-06T08:07:37.525+0200 [INFO]  Go runtime version: go1.23.3
2025-02-06T08:07:37.525+0200 [INFO]  CLI args: []string{"terraform", "-chdir=./config/reactory/terraform/minikube", "apply"}
2025-02-06T08:07:37.527+0200 [INFO]  CLI command args: []string{"apply"}
2025-02-06T08:07:37.578+0200 [INFO]  backend/local: starting Apply operation
2025-02-06T08:07:37.595+0200 [INFO]  provider: configuring client automatic mTLS
2025-02-06T08:07:37.639+0200 [INFO]  provider.terraform-provider-kubernetes_v2.35.1_x5: configuring server automatic mTLS: timestamp="2025-02-06T08:07:37.639+0200"
2025-02-06T08:07:37.696+0200 [INFO]  provider: plugin process exited: plugin=.terraform/providers/registry.terraform.io/hashicorp/kubernetes/2.35.1/darwin_arm64/terraform-provider-kubernetes_v2.35.1_x5 id=25388
2025-02-06T08:07:37.708+0200 [INFO]  provider: configuring client automatic mTLS
2025-02-06T08:07:37.737+0200 [INFO]  provider.terraform-provider-kubernetes_v2.35.1_x5: configuring server automatic mTLS: timestamp="2025-02-06T08:07:37.737+0200"
2025-02-06T08:07:37.764+0200 [INFO]  provider: plugin process exited: plugin=.terraform/providers/registry.terraform.io/hashicorp/kubernetes/2.35.1/darwin_arm64/terraform-provider-kubernetes_v2.35.1_x5 id=25389
2025-02-06T08:07:37.764+0200 [INFO]  backend/local: apply calling Plan
2025-02-06T08:07:37.770+0200 [INFO]  provider: configuring client automatic mTLS
2025-02-06T08:07:37.796+0200 [INFO]  provider.terraform-provider-kubernetes_v2.35.1_x5: configuring server automatic mTLS: timestamp="2025-02-06T08:07:37.796+0200"
2025-02-06T08:07:37.840+0200 [WARN]  Provider "registry.terraform.io/hashicorp/kubernetes" produced an unexpected new value for kubernetes_namespace.reactory during refresh.
      - Root object was present, but now absent
2025-02-06T08:07:37.840+0200 [WARN]  Provider "registry.terraform.io/hashicorp/kubernetes" produced an unexpected new value for module.postgres.kubernetes_persistent_volume.postgres_data during refresh.
      - Root object was present, but now absent
2025-02-06T08:07:37.840+0200 [WARN]  Provider "registry.terraform.io/hashicorp/kubernetes" produced an unexpected new value for module.redis.kubernetes_persistent_volume.redis_data during refresh.
      - Root object was present, but now absent
2025-02-06T08:07:37.840+0200 [WARN]  Provider "registry.terraform.io/hashicorp/kubernetes" produced an unexpected new value for module.express_server.kubernetes_persistent_volume.reactory_data during refresh.
      - Root object was present, but now absent
2025-02-06T08:07:37.840+0200 [WARN]  Provider "registry.terraform.io/hashicorp/kubernetes" produced an unexpected new value for module.meilisearch.kubernetes_persistent_volume.meilisearch_data during refresh.
      - Root object was present, but now absent
2025-02-06T08:07:37.840+0200 [WARN]  Provider "registry.terraform.io/hashicorp/kubernetes" produced an unexpected new value for module.mongodb.kubernetes_persistent_volume.mongodb_data during refresh.
      - Root object was present, but now absent
2025-02-06T08:07:37.842+0200 [WARN]  Provider "registry.terraform.io/hashicorp/kubernetes" produced an invalid plan for kubernetes_namespace.reactory, but we are tolerating it because it is using the legacy plugin SDK.
    The following problems may be the cause of any confusing errors from downstream operations:
      - .wait_for_default_service_account: planned value cty.False for a non-computed attribute
2025-02-06T08:07:37.849+0200 [WARN]  Provider "registry.terraform.io/hashicorp/kubernetes" produced an invalid plan for module.meilisearch.kubernetes_persistent_volume.meilisearch_data, but we are tolerating it because it is using the legacy plugin SDK.
    The following problems may be the cause of any confusing errors from downstream operations:
      - .spec[0].persistent_volume_reclaim_policy: planned value cty.StringVal("Retain") for a non-computed attribute
      - .spec[0].volume_mode: planned value cty.StringVal("Filesystem") for a non-computed attribute
      - .spec[0].claim_ref: attribute representing nested block must not be unknown itself; set nested attribute values to unknown instead
      - .spec[0].node_affinity: attribute representing nested block must not be unknown itself; set nested attribute values to unknown instead
2025-02-06T08:07:37.850+0200 [WARN]  Provider "registry.terraform.io/hashicorp/kubernetes" produced an invalid plan for module.redis.kubernetes_persistent_volume.redis_data, but we are tolerating it because it is using the legacy plugin SDK.
    The following problems may be the cause of any confusing errors from downstream operations:
      - .spec[0].persistent_volume_reclaim_policy: planned value cty.StringVal("Retain") for a non-computed attribute
      - .spec[0].volume_mode: planned value cty.StringVal("Filesystem") for a non-computed attribute
      - .spec[0].node_affinity: attribute representing nested block must not be unknown itself; set nested attribute values to unknown instead
      - .spec[0].claim_ref: attribute representing nested block must not be unknown itself; set nested attribute values to unknown instead
2025-02-06T08:07:37.850+0200 [WARN]  Provider "registry.terraform.io/hashicorp/kubernetes" produced an invalid plan for module.express_server.kubernetes_persistent_volume.reactory_data, but we are tolerating it because it is using the legacy plugin SDK.
    The following problems may be the cause of any confusing errors from downstream operations:
      - .spec[0].persistent_volume_reclaim_policy: planned value cty.StringVal("Retain") for a non-computed attribute
      - .spec[0].volume_mode: planned value cty.StringVal("Filesystem") for a non-computed attribute
      - .spec[0].claim_ref: attribute representing nested block must not be unknown itself; set nested attribute values to unknown instead
      - .spec[0].node_affinity: attribute representing nested block must not be unknown itself; set nested attribute values to unknown instead
2025-02-06T08:07:37.850+0200 [WARN]  Provider "registry.terraform.io/hashicorp/kubernetes" produced an invalid plan for module.postgres.kubernetes_persistent_volume.postgres_data, but we are tolerating it because it is using the legacy plugin SDK.
    The following problems may be the cause of any confusing errors from downstream operations:
      - .spec[0].persistent_volume_reclaim_policy: planned value cty.StringVal("Retain") for a non-computed attribute
      - .spec[0].volume_mode: planned value cty.StringVal("Filesystem") for a non-computed attribute
      - .spec[0].claim_ref: attribute representing nested block must not be unknown itself; set nested attribute values to unknown instead
      - .spec[0].node_affinity: attribute representing nested block must not be unknown itself; set nested attribute values to unknown instead
2025-02-06T08:07:37.850+0200 [WARN]  Provider "registry.terraform.io/hashicorp/kubernetes" produced an invalid plan for module.mongodb.kubernetes_persistent_volume.mongodb_data, but we are tolerating it because it is using the legacy plugin SDK.
    The following problems may be the cause of any confusing errors from downstream operations:
      - .spec[0].volume_mode: planned value cty.StringVal("Filesystem") for a non-computed attribute
      - .spec[0].persistent_volume_reclaim_policy: planned value cty.StringVal("Retain") for a non-computed attribute
      - .spec[0].claim_ref: attribute representing nested block must not be unknown itself; set nested attribute values to unknown instead
      - .spec[0].node_affinity: attribute representing nested block must not be unknown itself; set nested attribute values to unknown instead
2025-02-06T08:07:37.852+0200 [WARN]  Provider "registry.terraform.io/hashicorp/kubernetes" produced an unexpected new value for module.postgres.kubernetes_persistent_volume_claim.postgres_data during refresh.
      - Root object was present, but now absent
2025-02-06T08:07:37.854+0200 [WARN]  Provider "registry.terraform.io/hashicorp/kubernetes" produced an invalid plan for module.postgres.kubernetes_persistent_volume_claim.postgres_data, but we are tolerating it because it is using the legacy plugin SDK.
    The following problems may be the cause of any confusing errors from downstream operations:
      - .wait_until_bound: planned value cty.True for a non-computed attribute
2025-02-06T08:07:37.855+0200 [WARN]  Provider "registry.terraform.io/hashicorp/kubernetes" produced an unexpected new value for module.mongodb.kubernetes_persistent_volume_claim.mongodb_data during refresh.
      - Root object was present, but now absent
2025-02-06T08:07:37.855+0200 [WARN]  Provider "registry.terraform.io/hashicorp/kubernetes" produced an unexpected new value for module.express_server.kubernetes_persistent_volume_claim.reactory_data during refresh.
      - Root object was present, but now absent
2025-02-06T08:07:37.855+0200 [WARN]  Provider "registry.terraform.io/hashicorp/kubernetes" produced an unexpected new value for module.express_server.kubernetes_service.reactory_express_server during refresh.
      - Root object was present, but now absent
2025-02-06T08:07:37.855+0200 [WARN]  Provider "registry.terraform.io/hashicorp/kubernetes" produced an unexpected new value for module.redis.kubernetes_persistent_volume_claim.redis_data during refresh.
      - Root object was present, but now absent
2025-02-06T08:07:37.855+0200 [WARN]  Provider "registry.terraform.io/hashicorp/kubernetes" produced an unexpected new value for module.prometheus.kubernetes_service.reactory_prometheus during refresh.
      - Root object was present, but now absent
2025-02-06T08:07:37.856+0200 [WARN]  Provider "registry.terraform.io/hashicorp/kubernetes" produced an unexpected new value for module.grafana.kubernetes_service.reactory_grafana during refresh.
      - Root object was present, but now absent
2025-02-06T08:07:37.857+0200 [WARN]  Provider "registry.terraform.io/hashicorp/kubernetes" produced an invalid plan for module.prometheus.kubernetes_service.reactory_prometheus, but we are tolerating it because it is using the legacy plugin SDK.
    The following problems may be the cause of any confusing errors from downstream operations:
      - .wait_for_load_balancer: planned value cty.True for a non-computed attribute
      - .spec[0].session_affinity: planned value cty.StringVal("None") for a non-computed attribute
      - .spec[0].allocate_load_balancer_node_ports: planned value cty.True for a non-computed attribute
      - .spec[0].publish_not_ready_addresses: planned value cty.False for a non-computed attribute
      - .spec[0].port[0].protocol: planned value cty.StringVal("TCP") for a non-computed attribute
      - .spec[0].session_affinity_config: attribute representing nested block must not be unknown itself; set nested attribute values to unknown instead
2025-02-06T08:07:37.857+0200 [WARN]  Provider "registry.terraform.io/hashicorp/kubernetes" produced an invalid plan for module.express_server.kubernetes_service.reactory_express_server, but we are tolerating it because it is using the legacy plugin SDK.
    The following problems may be the cause of any confusing errors from downstream operations:
      - .wait_for_load_balancer: planned value cty.True for a non-computed attribute
      - .spec[0].allocate_load_balancer_node_ports: planned value cty.True for a non-computed attribute
      - .spec[0].publish_not_ready_addresses: planned value cty.False for a non-computed attribute
      - .spec[0].session_affinity: planned value cty.StringVal("None") for a non-computed attribute
      - .spec[0].port[0].protocol: planned value cty.StringVal("TCP") for a non-computed attribute
      - .spec[0].session_affinity_config: attribute representing nested block must not be unknown itself; set nested attribute values to unknown instead
2025-02-06T08:07:37.858+0200 [WARN]  Provider "registry.terraform.io/hashicorp/kubernetes" produced an invalid plan for module.mongodb.kubernetes_persistent_volume_claim.mongodb_data, but we are tolerating it because it is using the legacy plugin SDK.
    The following problems may be the cause of any confusing errors from downstream operations:
      - .wait_until_bound: planned value cty.True for a non-computed attribute
2025-02-06T08:07:37.858+0200 [WARN]  Provider "registry.terraform.io/hashicorp/kubernetes" produced an invalid plan for module.express_server.kubernetes_persistent_volume_claim.reactory_data, but we are tolerating it because it is using the legacy plugin SDK.
    The following problems may be the cause of any confusing errors from downstream operations:
      - .wait_until_bound: planned value cty.True for a non-computed attribute
2025-02-06T08:07:37.858+0200 [WARN]  Provider "registry.terraform.io/hashicorp/kubernetes" produced an invalid plan for module.grafana.kubernetes_service.reactory_grafana, but we are tolerating it because it is using the legacy plugin SDK.
    The following problems may be the cause of any confusing errors from downstream operations:
      - .wait_for_load_balancer: planned value cty.True for a non-computed attribute
      - .spec[0].session_affinity: planned value cty.StringVal("None") for a non-computed attribute
      - .spec[0].publish_not_ready_addresses: planned value cty.False for a non-computed attribute
      - .spec[0].allocate_load_balancer_node_ports: planned value cty.True for a non-computed attribute
      - .spec[0].session_affinity_config: attribute representing nested block must not be unknown itself; set nested attribute values to unknown instead
      - .spec[0].port[0].protocol: planned value cty.StringVal("TCP") for a non-computed attribute
2025-02-06T08:07:37.859+0200 [WARN]  Provider "registry.terraform.io/hashicorp/kubernetes" produced an invalid plan for module.redis.kubernetes_persistent_volume_claim.redis_data, but we are tolerating it because it is using the legacy plugin SDK.
    The following problems may be the cause of any confusing errors from downstream operations:
      - .wait_until_bound: planned value cty.True for a non-computed attribute
2025-02-06T08:07:37.862+0200 [WARN]  Provider "registry.terraform.io/hashicorp/kubernetes" produced an invalid plan for module.prometheus.kubernetes_deployment.reactory_prometheus, but we are tolerating it because it is using the legacy plugin SDK.
    The following problems may be the cause of any confusing errors from downstream operations:
      - .wait_for_rollout: planned value cty.True for a non-computed attribute
      - .spec[0].min_ready_seconds: planned value cty.NumberIntVal(0) for a non-computed attribute
      - .spec[0].paused: planned value cty.False for a non-computed attribute
      - .spec[0].progress_deadline_seconds: planned value cty.NumberIntVal(600) for a non-computed attribute
      - .spec[0].revision_history_limit: planned value cty.NumberIntVal(10) for a non-computed attribute
      - .spec[0].strategy: attribute representing nested block must not be unknown itself; set nested attribute values to unknown instead
      - .spec[0].template[0].spec[0].host_pid: planned value cty.False for a non-computed attribute
      - .spec[0].template[0].spec[0].share_process_namespace: planned value cty.False for a non-computed attribute
      - .spec[0].template[0].spec[0].dns_policy: planned value cty.StringVal("ClusterFirst") for a non-computed attribute
      - .spec[0].template[0].spec[0].enable_service_links: planned value cty.True for a non-computed attribute
      - .spec[0].template[0].spec[0].host_ipc: planned value cty.False for a non-computed attribute
      - .spec[0].template[0].spec[0].host_network: planned value cty.False for a non-computed attribute
      - .spec[0].template[0].spec[0].restart_policy: planned value cty.StringVal("Always") for a non-computed attribute
      - .spec[0].template[0].spec[0].automount_service_account_token: planned value cty.True for a non-computed attribute
      - .spec[0].template[0].spec[0].termination_grace_period_seconds: planned value cty.NumberIntVal(30) for a non-computed attribute
      - .spec[0].template[0].spec[0].container[0].stdin: planned value cty.False for a non-computed attribute
      - .spec[0].template[0].spec[0].container[0].tty: planned value cty.False for a non-computed attribute
      - .spec[0].template[0].spec[0].container[0].stdin_once: planned value cty.False for a non-computed attribute
      - .spec[0].template[0].spec[0].container[0].termination_message_path: planned value cty.StringVal("/dev/termination-log") for a non-computed attribute
      - .spec[0].template[0].spec[0].container[0].resources: attribute representing nested block must not be unknown itself; set nested attribute values to unknown instead
      - .spec[0].template[0].spec[0].container[0].volume_mount[0].mount_propagation: planned value cty.StringVal("None") for a non-computed attribute
      - .spec[0].template[0].spec[0].container[0].volume_mount[0].read_only: planned value cty.False for a non-computed attribute
      - .spec[0].template[0].spec[0].image_pull_secrets: attribute representing nested block must not be unknown itself; set nested attribute values to unknown instead
      - .spec[0].template[0].spec[0].readiness_gate: attribute representing nested block must not be unknown itself; set nested attribute values to unknown instead
2025-02-06T08:07:37.862+0200 [WARN]  Provider "registry.terraform.io/hashicorp/kubernetes" produced an unexpected new value for module.pwa_client.kubernetes_service.reactory_nginx during refresh.
      - Root object was present, but now absent
2025-02-06T08:07:37.863+0200 [WARN]  Provider "registry.terraform.io/hashicorp/kubernetes" produced an unexpected new value for module.grafana.kubernetes_deployment.reactory_grafana during refresh.
      - Root object was present, but now absent
2025-02-06T08:07:37.864+0200 [WARN]  Provider "registry.terraform.io/hashicorp/kubernetes" produced an unexpected new value for module.jaeger.kubernetes_service.reactory_jaeger during refresh.
      - Root object was present, but now absent
2025-02-06T08:07:37.865+0200 [WARN]  Provider "registry.terraform.io/hashicorp/kubernetes" produced an unexpected new value for module.meilisearch.kubernetes_persistent_volume_claim.meilisearch_data during refresh.
      - Root object was present, but now absent
2025-02-06T08:07:37.866+0200 [WARN]  Provider "registry.terraform.io/hashicorp/kubernetes" produced an invalid plan for module.pwa_client.kubernetes_service.reactory_nginx, but we are tolerating it because it is using the legacy plugin SDK.
    The following problems may be the cause of any confusing errors from downstream operations:
      - .wait_for_load_balancer: planned value cty.True for a non-computed attribute
      - .spec[0].session_affinity: planned value cty.StringVal("None") for a non-computed attribute
      - .spec[0].publish_not_ready_addresses: planned value cty.False for a non-computed attribute
      - .spec[0].allocate_load_balancer_node_ports: planned value cty.True for a non-computed attribute
      - .spec[0].port[0].protocol: planned value cty.StringVal("TCP") for a non-computed attribute
      - .spec[0].session_affinity_config: attribute representing nested block must not be unknown itself; set nested attribute values to unknown instead
2025-02-06T08:07:37.867+0200 [WARN]  Provider "registry.terraform.io/hashicorp/kubernetes" produced an invalid plan for module.meilisearch.kubernetes_persistent_volume_claim.meilisearch_data, but we are tolerating it because it is using the legacy plugin SDK.
    The following problems may be the cause of any confusing errors from downstream operations:
      - .wait_until_bound: planned value cty.True for a non-computed attribute
2025-02-06T08:07:37.867+0200 [WARN]  Provider "registry.terraform.io/hashicorp/kubernetes" produced an invalid plan for module.jaeger.kubernetes_service.reactory_jaeger, but we are tolerating it because it is using the legacy plugin SDK.
    The following problems may be the cause of any confusing errors from downstream operations:
      - .wait_for_load_balancer: planned value cty.True for a non-computed attribute
      - .spec[0].session_affinity: planned value cty.StringVal("None") for a non-computed attribute
      - .spec[0].publish_not_ready_addresses: planned value cty.False for a non-computed attribute
      - .spec[0].allocate_load_balancer_node_ports: planned value cty.True for a non-computed attribute
      - .spec[0].port[0].protocol: planned value cty.StringVal("TCP") for a non-computed attribute
      - .spec[0].port[1].protocol: planned value cty.StringVal("TCP") for a non-computed attribute
      - .spec[0].session_affinity_config: attribute representing nested block must not be unknown itself; set nested attribute values to unknown instead
2025-02-06T08:07:37.867+0200 [WARN]  Provider "registry.terraform.io/hashicorp/kubernetes" produced an unexpected new value for module.pwa_client.kubernetes_deployment.reactory_pwa_client during refresh.
      - Root object was present, but now absent
2025-02-06T08:07:37.879+0200 [WARN]  Provider "registry.terraform.io/hashicorp/kubernetes" produced an unexpected new value for module.jaeger.kubernetes_deployment.reactory_jaeger during refresh.
      - Root object was present, but now absent
2025-02-06T08:07:37.880+0200 [WARN]  Provider "registry.terraform.io/hashicorp/kubernetes" produced an invalid plan for module.express_server.kubernetes_deployment.reactory_express_server, but we are tolerating it because it is using the legacy plugin SDK.
    The following problems may be the cause of any confusing errors from downstream operations:
      - .wait_for_rollout: planned value cty.True for a non-computed attribute
      - .spec[0].min_ready_seconds: planned value cty.NumberIntVal(0) for a non-computed attribute
      - .spec[0].paused: planned value cty.False for a non-computed attribute
      - .spec[0].progress_deadline_seconds: planned value cty.NumberIntVal(600) for a non-computed attribute
      - .spec[0].revision_history_limit: planned value cty.NumberIntVal(10) for a non-computed attribute
      - .spec[0].strategy: attribute representing nested block must not be unknown itself; set nested attribute values to unknown instead
      - .spec[0].template[0].spec[0].dns_policy: planned value cty.StringVal("ClusterFirst") for a non-computed attribute
      - .spec[0].template[0].spec[0].enable_service_links: planned value cty.True for a non-computed attribute
      - .spec[0].template[0].spec[0].host_ipc: planned value cty.False for a non-computed attribute
      - .spec[0].template[0].spec[0].host_network: planned value cty.False for a non-computed attribute
      - .spec[0].template[0].spec[0].restart_policy: planned value cty.StringVal("Always") for a non-computed attribute
      - .spec[0].template[0].spec[0].automount_service_account_token: planned value cty.True for a non-computed attribute
      - .spec[0].template[0].spec[0].termination_grace_period_seconds: planned value cty.NumberIntVal(30) for a non-computed attribute
      - .spec[0].template[0].spec[0].host_pid: planned value cty.False for a non-computed attribute
      - .spec[0].template[0].spec[0].share_process_namespace: planned value cty.False for a non-computed attribute
      - .spec[0].template[0].spec[0].readiness_gate: attribute representing nested block must not be unknown itself; set nested attribute values to unknown instead
      - .spec[0].template[0].spec[0].volume[0].persistent_volume_claim[0].read_only: planned value cty.False for a non-computed attribute
      - .spec[0].template[0].spec[0].container[0].stdin_once: planned value cty.False for a non-computed attribute
      - .spec[0].template[0].spec[0].container[0].termination_message_path: planned value cty.StringVal("/dev/termination-log") for a non-computed attribute
      - .spec[0].template[0].spec[0].container[0].stdin: planned value cty.False for a non-computed attribute
      - .spec[0].template[0].spec[0].container[0].tty: planned value cty.False for a non-computed attribute
      - .spec[0].template[0].spec[0].container[0].volume_mount[0].mount_propagation: planned value cty.StringVal("None") for a non-computed attribute
      - .spec[0].template[0].spec[0].container[0].volume_mount[0].read_only: planned value cty.False for a non-computed attribute
      - .spec[0].template[0].spec[0].container[0].volume_mount[1].mount_propagation: planned value cty.StringVal("None") for a non-computed attribute
      - .spec[0].template[0].spec[0].container[0].volume_mount[1].read_only: planned value cty.False for a non-computed attribute
      - .spec[0].template[0].spec[0].container[0].resources: attribute representing nested block must not be unknown itself; set nested attribute values to unknown instead
      - .spec[0].template[0].spec[0].image_pull_secrets: attribute representing nested block must not be unknown itself; set nested attribute values to unknown instead
2025-02-06T08:07:37.880+0200 [WARN]  Provider "registry.terraform.io/hashicorp/kubernetes" produced an unexpected new value for module.mongodb.kubernetes_deployment.reactory_mongodb during refresh.
      - Root object was present, but now absent
2025-02-06T08:07:37.880+0200 [WARN]  Provider "registry.terraform.io/hashicorp/kubernetes" produced an unexpected new value for module.redis.kubernetes_deployment.reactory_redis during refresh.
      - Root object was present, but now absent
2025-02-06T08:07:37.881+0200 [WARN]  Provider "registry.terraform.io/hashicorp/kubernetes" produced an unexpected new value for module.postgres.kubernetes_deployment.reactory_postgres during refresh.
      - Root object was present, but now absent
2025-02-06T08:07:37.885+0200 [WARN]  Provider "registry.terraform.io/hashicorp/kubernetes" produced an invalid plan for module.grafana.kubernetes_deployment.reactory_grafana, but we are tolerating it because it is using the legacy plugin SDK.
    The following problems may be the cause of any confusing errors from downstream operations:
      - .wait_for_rollout: planned value cty.True for a non-computed attribute
      - .spec[0].progress_deadline_seconds: planned value cty.NumberIntVal(600) for a non-computed attribute
      - .spec[0].revision_history_limit: planned value cty.NumberIntVal(10) for a non-computed attribute
      - .spec[0].min_ready_seconds: planned value cty.NumberIntVal(0) for a non-computed attribute
      - .spec[0].paused: planned value cty.False for a non-computed attribute
      - .spec[0].strategy: attribute representing nested block must not be unknown itself; set nested attribute values to unknown instead
      - .spec[0].template[0].spec[0].host_ipc: planned value cty.False for a non-computed attribute
      - .spec[0].template[0].spec[0].dns_policy: planned value cty.StringVal("ClusterFirst") for a non-computed attribute
      - .spec[0].template[0].spec[0].enable_service_links: planned value cty.True for a non-computed attribute
      - .spec[0].template[0].spec[0].restart_policy: planned value cty.StringVal("Always") for a non-computed attribute
      - .spec[0].template[0].spec[0].host_network: planned value cty.False for a non-computed attribute
      - .spec[0].template[0].spec[0].termination_grace_period_seconds: planned value cty.NumberIntVal(30) for a non-computed attribute
      - .spec[0].template[0].spec[0].automount_service_account_token: planned value cty.True for a non-computed attribute
      - .spec[0].template[0].spec[0].host_pid: planned value cty.False for a non-computed attribute
      - .spec[0].template[0].spec[0].share_process_namespace: planned value cty.False for a non-computed attribute
      - .spec[0].template[0].spec[0].container[0].stdin_once: planned value cty.False for a non-computed attribute
      - .spec[0].template[0].spec[0].container[0].termination_message_path: planned value cty.StringVal("/dev/termination-log") for a non-computed attribute
      - .spec[0].template[0].spec[0].container[0].stdin: planned value cty.False for a non-computed attribute
      - .spec[0].template[0].spec[0].container[0].tty: planned value cty.False for a non-computed attribute
      - .spec[0].template[0].spec[0].container[0].resources: attribute representing nested block must not be unknown itself; set nested attribute values to unknown instead
      - .spec[0].template[0].spec[0].container[0].volume_mount[0].mount_propagation: planned value cty.StringVal("None") for a non-computed attribute
      - .spec[0].template[0].spec[0].container[0].volume_mount[0].read_only: planned value cty.False for a non-computed attribute
      - .spec[0].template[0].spec[0].container[0].volume_mount[1].mount_propagation: planned value cty.StringVal("None") for a non-computed attribute
      - .spec[0].template[0].spec[0].container[0].volume_mount[1].read_only: planned value cty.False for a non-computed attribute
      - .spec[0].template[0].spec[0].image_pull_secrets: attribute representing nested block must not be unknown itself; set nested attribute values to unknown instead
      - .spec[0].template[0].spec[0].readiness_gate: attribute representing nested block must not be unknown itself; set nested attribute values to unknown instead
2025-02-06T08:07:37.886+0200 [WARN]  Provider "registry.terraform.io/hashicorp/kubernetes" produced an unexpected new value for module.meilisearch.kubernetes_deployment.reactory_meilisearch during refresh.
      - Root object was present, but now absent
2025-02-06T08:07:37.887+0200 [WARN]  Provider "registry.terraform.io/hashicorp/kubernetes" produced an invalid plan for module.pwa_client.kubernetes_deployment.reactory_pwa_client, but we are tolerating it because it is using the legacy plugin SDK.
    The following problems may be the cause of any confusing errors from downstream operations:
      - .wait_for_rollout: planned value cty.True for a non-computed attribute
      - .spec[0].min_ready_seconds: planned value cty.NumberIntVal(0) for a non-computed attribute
      - .spec[0].paused: planned value cty.False for a non-computed attribute
      - .spec[0].progress_deadline_seconds: planned value cty.NumberIntVal(600) for a non-computed attribute
      - .spec[0].revision_history_limit: planned value cty.NumberIntVal(10) for a non-computed attribute
      - .spec[0].template[0].spec[0].host_pid: planned value cty.False for a non-computed attribute
      - .spec[0].template[0].spec[0].share_process_namespace: planned value cty.False for a non-computed attribute
      - .spec[0].template[0].spec[0].dns_policy: planned value cty.StringVal("ClusterFirst") for a non-computed attribute
      - .spec[0].template[0].spec[0].enable_service_links: planned value cty.True for a non-computed attribute
      - .spec[0].template[0].spec[0].host_ipc: planned value cty.False for a non-computed attribute
      - .spec[0].template[0].spec[0].restart_policy: planned value cty.StringVal("Always") for a non-computed attribute
      - .spec[0].template[0].spec[0].host_network: planned value cty.False for a non-computed attribute
      - .spec[0].template[0].spec[0].automount_service_account_token: planned value cty.True for a non-computed attribute
      - .spec[0].template[0].spec[0].termination_grace_period_seconds: planned value cty.NumberIntVal(30) for a non-computed attribute
      - .spec[0].template[0].spec[0].container[0].tty: planned value cty.False for a non-computed attribute
      - .spec[0].template[0].spec[0].container[0].stdin: planned value cty.False for a non-computed attribute
      - .spec[0].template[0].spec[0].container[0].stdin_once: planned value cty.False for a non-computed attribute
      - .spec[0].template[0].spec[0].container[0].termination_message_path: planned value cty.StringVal("/dev/termination-log") for a non-computed attribute
      - .spec[0].template[0].spec[0].container[0].port[0].protocol: planned value cty.StringVal("TCP") for a non-computed attribute
      - .spec[0].template[0].spec[0].container[0].resources: attribute representing nested block must not be unknown itself; set nested attribute values to unknown instead
      - .spec[0].template[0].spec[0].image_pull_secrets: attribute representing nested block must not be unknown itself; set nested attribute values to unknown instead
      - .spec[0].template[0].spec[0].readiness_gate: attribute representing nested block must not be unknown itself; set nested attribute values to unknown instead
      - .spec[0].strategy: attribute representing nested block must not be unknown itself; set nested attribute values to unknown instead
2025-02-06T08:07:37.893+0200 [WARN]  Provider "registry.terraform.io/hashicorp/kubernetes" produced an invalid plan for module.jaeger.kubernetes_deployment.reactory_jaeger, but we are tolerating it because it is using the legacy plugin SDK.
    The following problems may be the cause of any confusing errors from downstream operations:
      - .wait_for_rollout: planned value cty.True for a non-computed attribute
      - .spec[0].revision_history_limit: planned value cty.NumberIntVal(10) for a non-computed attribute
      - .spec[0].min_ready_seconds: planned value cty.NumberIntVal(0) for a non-computed attribute
      - .spec[0].paused: planned value cty.False for a non-computed attribute
      - .spec[0].progress_deadline_seconds: planned value cty.NumberIntVal(600) for a non-computed attribute
      - .spec[0].template[0].spec[0].host_network: planned value cty.False for a non-computed attribute
      - .spec[0].template[0].spec[0].restart_policy: planned value cty.StringVal("Always") for a non-computed attribute
      - .spec[0].template[0].spec[0].automount_service_account_token: planned value cty.True for a non-computed attribute
      - .spec[0].template[0].spec[0].termination_grace_period_seconds: planned value cty.NumberIntVal(30) for a non-computed attribute
      - .spec[0].template[0].spec[0].host_pid: planned value cty.False for a non-computed attribute
      - .spec[0].template[0].spec[0].share_process_namespace: planned value cty.False for a non-computed attribute
      - .spec[0].template[0].spec[0].dns_policy: planned value cty.StringVal("ClusterFirst") for a non-computed attribute
      - .spec[0].template[0].spec[0].enable_service_links: planned value cty.True for a non-computed attribute
      - .spec[0].template[0].spec[0].host_ipc: planned value cty.False for a non-computed attribute
      - .spec[0].template[0].spec[0].container[0].stdin: planned value cty.False for a non-computed attribute
      - .spec[0].template[0].spec[0].container[0].tty: planned value cty.False for a non-computed attribute
      - .spec[0].template[0].spec[0].container[0].stdin_once: planned value cty.False for a non-computed attribute
      - .spec[0].template[0].spec[0].container[0].termination_message_path: planned value cty.StringVal("/dev/termination-log") for a non-computed attribute
      - .spec[0].template[0].spec[0].container[0].port[0].protocol: planned value cty.StringVal("TCP") for a non-computed attribute
      - .spec[0].template[0].spec[0].container[0].port[1].protocol: planned value cty.StringVal("TCP") for a non-computed attribute
      - .spec[0].template[0].spec[0].container[0].resources: attribute representing nested block must not be unknown itself; set nested attribute values to unknown instead
      - .spec[0].template[0].spec[0].image_pull_secrets: attribute representing nested block must not be unknown itself; set nested attribute values to unknown instead
      - .spec[0].template[0].spec[0].readiness_gate: attribute representing nested block must not be unknown itself; set nested attribute values to unknown instead
      - .spec[0].strategy: attribute representing nested block must not be unknown itself; set nested attribute values to unknown instead
2025-02-06T08:07:37.897+0200 [WARN]  Provider "registry.terraform.io/hashicorp/kubernetes" produced an invalid plan for module.redis.kubernetes_deployment.reactory_redis, but we are tolerating it because it is using the legacy plugin SDK.
    The following problems may be the cause of any confusing errors from downstream operations:
      - .wait_for_rollout: planned value cty.True for a non-computed attribute
      - .spec[0].min_ready_seconds: planned value cty.NumberIntVal(0) for a non-computed attribute
      - .spec[0].paused: planned value cty.False for a non-computed attribute
      - .spec[0].progress_deadline_seconds: planned value cty.NumberIntVal(600) for a non-computed attribute
      - .spec[0].revision_history_limit: planned value cty.NumberIntVal(10) for a non-computed attribute
      - .spec[0].strategy: attribute representing nested block must not be unknown itself; set nested attribute values to unknown instead
      - .spec[0].template[0].spec[0].host_pid: planned value cty.False for a non-computed attribute
      - .spec[0].template[0].spec[0].share_process_namespace: planned value cty.False for a non-computed attribute
      - .spec[0].template[0].spec[0].dns_policy: planned value cty.StringVal("ClusterFirst") for a non-computed attribute
      - .spec[0].template[0].spec[0].enable_service_links: planned value cty.True for a non-computed attribute
      - .spec[0].template[0].spec[0].host_ipc: planned value cty.False for a non-computed attribute
      - .spec[0].template[0].spec[0].host_network: planned value cty.False for a non-computed attribute
      - .spec[0].template[0].spec[0].restart_policy: planned value cty.StringVal("Always") for a non-computed attribute
      - .spec[0].template[0].spec[0].automount_service_account_token: planned value cty.True for a non-computed attribute
      - .spec[0].template[0].spec[0].termination_grace_period_seconds: planned value cty.NumberIntVal(30) for a non-computed attribute
      - .spec[0].template[0].spec[0].readiness_gate: attribute representing nested block must not be unknown itself; set nested attribute values to unknown instead
      - .spec[0].template[0].spec[0].volume[0].persistent_volume_claim[0].read_only: planned value cty.False for a non-computed attribute
      - .spec[0].template[0].spec[0].container[0].stdin: planned value cty.False for a non-computed attribute
      - .spec[0].template[0].spec[0].container[0].tty: planned value cty.False for a non-computed attribute
      - .spec[0].template[0].spec[0].container[0].stdin_once: planned value cty.False for a non-computed attribute
      - .spec[0].template[0].spec[0].container[0].termination_message_path: planned value cty.StringVal("/dev/termination-log") for a non-computed attribute
      - .spec[0].template[0].spec[0].container[0].resources: attribute representing nested block must not be unknown itself; set nested attribute values to unknown instead
      - .spec[0].template[0].spec[0].container[0].volume_mount[0].read_only: planned value cty.False for a non-computed attribute
      - .spec[0].template[0].spec[0].container[0].volume_mount[0].mount_propagation: planned value cty.StringVal("None") for a non-computed attribute
      - .spec[0].template[0].spec[0].image_pull_secrets: attribute representing nested block must not be unknown itself; set nested attribute values to unknown instead
2025-02-06T08:07:37.899+0200 [WARN]  Provider "registry.terraform.io/hashicorp/kubernetes" produced an invalid plan for module.mongodb.kubernetes_deployment.reactory_mongodb, but we are tolerating it because it is using the legacy plugin SDK.
    The following problems may be the cause of any confusing errors from downstream operations:
      - .wait_for_rollout: planned value cty.True for a non-computed attribute
      - .spec[0].min_ready_seconds: planned value cty.NumberIntVal(0) for a non-computed attribute
      - .spec[0].paused: planned value cty.False for a non-computed attribute
      - .spec[0].progress_deadline_seconds: planned value cty.NumberIntVal(600) for a non-computed attribute
      - .spec[0].revision_history_limit: planned value cty.NumberIntVal(10) for a non-computed attribute
      - .spec[0].strategy: attribute representing nested block must not be unknown itself; set nested attribute values to unknown instead
      - .spec[0].template[0].spec[0].host_network: planned value cty.False for a non-computed attribute
      - .spec[0].template[0].spec[0].restart_policy: planned value cty.StringVal("Always") for a non-computed attribute
      - .spec[0].template[0].spec[0].automount_service_account_token: planned value cty.True for a non-computed attribute
      - .spec[0].template[0].spec[0].termination_grace_period_seconds: planned value cty.NumberIntVal(30) for a non-computed attribute
      - .spec[0].template[0].spec[0].host_pid: planned value cty.False for a non-computed attribute
      - .spec[0].template[0].spec[0].share_process_namespace: planned value cty.False for a non-computed attribute
      - .spec[0].template[0].spec[0].dns_policy: planned value cty.StringVal("ClusterFirst") for a non-computed attribute
      - .spec[0].template[0].spec[0].enable_service_links: planned value cty.True for a non-computed attribute
      - .spec[0].template[0].spec[0].host_ipc: planned value cty.False for a non-computed attribute
      - .spec[0].template[0].spec[0].readiness_gate: attribute representing nested block must not be unknown itself; set nested attribute values to unknown instead
      - .spec[0].template[0].spec[0].volume[0].persistent_volume_claim[0].read_only: planned value cty.False for a non-computed attribute
      - .spec[0].template[0].spec[0].container[0].stdin_once: planned value cty.False for a non-computed attribute
      - .spec[0].template[0].spec[0].container[0].termination_message_path: planned value cty.StringVal("/dev/termination-log") for a non-computed attribute
      - .spec[0].template[0].spec[0].container[0].tty: planned value cty.False for a non-computed attribute
      - .spec[0].template[0].spec[0].container[0].stdin: planned value cty.False for a non-computed attribute
      - .spec[0].template[0].spec[0].container[0].volume_mount[0].read_only: planned value cty.False for a non-computed attribute
      - .spec[0].template[0].spec[0].container[0].volume_mount[0].mount_propagation: planned value cty.StringVal("None") for a non-computed attribute
      - .spec[0].template[0].spec[0].container[0].resources: attribute representing nested block must not be unknown itself; set nested attribute values to unknown instead
      - .spec[0].template[0].spec[0].image_pull_secrets: attribute representing nested block must not be unknown itself; set nested attribute values to unknown instead
2025-02-06T08:07:37.899+0200 [WARN]  Provider "registry.terraform.io/hashicorp/kubernetes" produced an invalid plan for module.postgres.kubernetes_deployment.reactory_postgres, but we are tolerating it because it is using the legacy plugin SDK.
    The following problems may be the cause of any confusing errors from downstream operations:
      - .wait_for_rollout: planned value cty.True for a non-computed attribute
      - .spec[0].revision_history_limit: planned value cty.NumberIntVal(10) for a non-computed attribute
      - .spec[0].min_ready_seconds: planned value cty.NumberIntVal(0) for a non-computed attribute
      - .spec[0].paused: planned value cty.False for a non-computed attribute
      - .spec[0].progress_deadline_seconds: planned value cty.NumberIntVal(600) for a non-computed attribute
      - .spec[0].strategy: attribute representing nested block must not be unknown itself; set nested attribute values to unknown instead
      - .spec[0].template[0].spec[0].restart_policy: planned value cty.StringVal("Always") for a non-computed attribute
      - .spec[0].template[0].spec[0].host_network: planned value cty.False for a non-computed attribute
      - .spec[0].template[0].spec[0].automount_service_account_token: planned value cty.True for a non-computed attribute
      - .spec[0].template[0].spec[0].termination_grace_period_seconds: planned value cty.NumberIntVal(30) for a non-computed attribute
      - .spec[0].template[0].spec[0].host_pid: planned value cty.False for a non-computed attribute
      - .spec[0].template[0].spec[0].share_process_namespace: planned value cty.False for a non-computed attribute
      - .spec[0].template[0].spec[0].dns_policy: planned value cty.StringVal("ClusterFirst") for a non-computed attribute
      - .spec[0].template[0].spec[0].enable_service_links: planned value cty.True for a non-computed attribute
      - .spec[0].template[0].spec[0].host_ipc: planned value cty.False for a non-computed attribute
      - .spec[0].template[0].spec[0].image_pull_secrets: attribute representing nested block must not be unknown itself; set nested attribute values to unknown instead
      - .spec[0].template[0].spec[0].readiness_gate: attribute representing nested block must not be unknown itself; set nested attribute values to unknown instead
      - .spec[0].template[0].spec[0].volume[0].persistent_volume_claim[0].read_only: planned value cty.False for a non-computed attribute
      - .spec[0].template[0].spec[0].container[0].tty: planned value cty.False for a non-computed attribute
      - .spec[0].template[0].spec[0].container[0].stdin: planned value cty.False for a non-computed attribute
      - .spec[0].template[0].spec[0].container[0].stdin_once: planned value cty.False for a non-computed attribute
      - .spec[0].template[0].spec[0].container[0].termination_message_path: planned value cty.StringVal("/dev/termination-log") for a non-computed attribute
      - .spec[0].template[0].spec[0].container[0].volume_mount[0].mount_propagation: planned value cty.StringVal("None") for a non-computed attribute
      - .spec[0].template[0].spec[0].container[0].volume_mount[0].read_only: planned value cty.False for a non-computed attribute
      - .spec[0].template[0].spec[0].container[0].resources: attribute representing nested block must not be unknown itself; set nested attribute values to unknown instead
2025-02-06T08:07:37.899+0200 [WARN]  Provider "registry.terraform.io/hashicorp/kubernetes" produced an invalid plan for module.meilisearch.kubernetes_deployment.reactory_meilisearch, but we are tolerating it because it is using the legacy plugin SDK.
    The following problems may be the cause of any confusing errors from downstream operations:
      - .wait_for_rollout: planned value cty.True for a non-computed attribute
      - .spec[0].revision_history_limit: planned value cty.NumberIntVal(10) for a non-computed attribute
      - .spec[0].min_ready_seconds: planned value cty.NumberIntVal(0) for a non-computed attribute
      - .spec[0].paused: planned value cty.False for a non-computed attribute
      - .spec[0].progress_deadline_seconds: planned value cty.NumberIntVal(600) for a non-computed attribute
      - .spec[0].strategy: attribute representing nested block must not be unknown itself; set nested attribute values to unknown instead
      - .spec[0].template[0].spec[0].dns_policy: planned value cty.StringVal("ClusterFirst") for a non-computed attribute
      - .spec[0].template[0].spec[0].enable_service_links: planned value cty.True for a non-computed attribute
      - .spec[0].template[0].spec[0].host_ipc: planned value cty.False for a non-computed attribute
      - .spec[0].template[0].spec[0].host_network: planned value cty.False for a non-computed attribute
      - .spec[0].template[0].spec[0].restart_policy: planned value cty.StringVal("Always") for a non-computed attribute
      - .spec[0].template[0].spec[0].automount_service_account_token: planned value cty.True for a non-computed attribute
      - .spec[0].template[0].spec[0].termination_grace_period_seconds: planned value cty.NumberIntVal(30) for a non-computed attribute
      - .spec[0].template[0].spec[0].host_pid: planned value cty.False for a non-computed attribute
      - .spec[0].template[0].spec[0].share_process_namespace: planned value cty.False for a non-computed attribute
      - .spec[0].template[0].spec[0].container[0].stdin: planned value cty.False for a non-computed attribute
      - .spec[0].template[0].spec[0].container[0].tty: planned value cty.False for a non-computed attribute
      - .spec[0].template[0].spec[0].container[0].stdin_once: planned value cty.False for a non-computed attribute
      - .spec[0].template[0].spec[0].container[0].termination_message_path: planned value cty.StringVal("/dev/termination-log") for a non-computed attribute
      - .spec[0].template[0].spec[0].container[0].volume_mount[0].mount_propagation: planned value cty.StringVal("None") for a non-computed attribute
      - .spec[0].template[0].spec[0].container[0].volume_mount[0].read_only: planned value cty.False for a non-computed attribute
      - .spec[0].template[0].spec[0].container[0].resources: attribute representing nested block must not be unknown itself; set nested attribute values to unknown instead
      - .spec[0].template[0].spec[0].image_pull_secrets: attribute representing nested block must not be unknown itself; set nested attribute values to unknown instead
      - .spec[0].template[0].spec[0].readiness_gate: attribute representing nested block must not be unknown itself; set nested attribute values to unknown instead
      - .spec[0].template[0].spec[0].volume[0].persistent_volume_claim[0].read_only: planned value cty.False for a non-computed attribute
2025-02-06T08:07:37.902+0200 [INFO]  provider: plugin process exited: plugin=.terraform/providers/registry.terraform.io/hashicorp/kubernetes/2.35.1/darwin_arm64/terraform-provider-kubernetes_v2.35.1_x5 id=25390
2025-02-06T08:07:41.646+0200 [INFO]  backend/local: apply calling Apply
2025-02-06T08:07:41.675+0200 [INFO]  provider: configuring client automatic mTLS
2025-02-06T08:07:41.717+0200 [INFO]  provider.terraform-provider-kubernetes_v2.35.1_x5: configuring server automatic mTLS: timestamp="2025-02-06T08:07:41.716+0200"
2025-02-06T08:07:41.736+0200 [WARN]  Provider "registry.terraform.io/hashicorp/kubernetes" produced an invalid plan for kubernetes_namespace.reactory, but we are tolerating it because it is using the legacy plugin SDK.
    The following problems may be the cause of any confusing errors from downstream operations:
      - .wait_for_default_service_account: planned value cty.False for a non-computed attribute
2025-02-06T08:07:41.737+0200 [INFO]  Starting apply for kubernetes_namespace.reactory
2025-02-06T08:07:41.742+0200 [WARN]  Provider "registry.terraform.io/hashicorp/kubernetes" produced an invalid plan for module.postgres.kubernetes_persistent_volume.postgres_data, but we are tolerating it because it is using the legacy plugin SDK.
    The following problems may be the cause of any confusing errors from downstream operations:
      - .spec[0].persistent_volume_reclaim_policy: planned value cty.StringVal("Retain") for a non-computed attribute
      - .spec[0].volume_mode: planned value cty.StringVal("Filesystem") for a non-computed attribute
      - .spec[0].claim_ref: attribute representing nested block must not be unknown itself; set nested attribute values to unknown instead
      - .spec[0].node_affinity: attribute representing nested block must not be unknown itself; set nested attribute values to unknown instead
2025-02-06T08:07:41.742+0200 [WARN]  Provider "registry.terraform.io/hashicorp/kubernetes" produced an invalid plan for module.express_server.kubernetes_persistent_volume.reactory_data, but we are tolerating it because it is using the legacy plugin SDK.
    The following problems may be the cause of any confusing errors from downstream operations:
      - .spec[0].persistent_volume_reclaim_policy: planned value cty.StringVal("Retain") for a non-computed attribute
      - .spec[0].volume_mode: planned value cty.StringVal("Filesystem") for a non-computed attribute
      - .spec[0].claim_ref: attribute representing nested block must not be unknown itself; set nested attribute values to unknown instead
      - .spec[0].node_affinity: attribute representing nested block must not be unknown itself; set nested attribute values to unknown instead
2025-02-06T08:07:41.742+0200 [WARN]  Provider "registry.terraform.io/hashicorp/kubernetes" produced an invalid plan for module.redis.kubernetes_persistent_volume.redis_data, but we are tolerating it because it is using the legacy plugin SDK.
    The following problems may be the cause of any confusing errors from downstream operations:
      - .spec[0].persistent_volume_reclaim_policy: planned value cty.StringVal("Retain") for a non-computed attribute
      - .spec[0].volume_mode: planned value cty.StringVal("Filesystem") for a non-computed attribute
      - .spec[0].claim_ref: attribute representing nested block must not be unknown itself; set nested attribute values to unknown instead
      - .spec[0].node_affinity: attribute representing nested block must not be unknown itself; set nested attribute values to unknown instead
2025-02-06T08:07:41.742+0200 [INFO]  Starting apply for module.postgres.kubernetes_persistent_volume.postgres_data
2025-02-06T08:07:41.742+0200 [WARN]  Provider "registry.terraform.io/hashicorp/kubernetes" produced an invalid plan for module.mongodb.kubernetes_persistent_volume.mongodb_data, but we are tolerating it because it is using the legacy plugin SDK.
    The following problems may be the cause of any confusing errors from downstream operations:
      - .spec[0].persistent_volume_reclaim_policy: planned value cty.StringVal("Retain") for a non-computed attribute
      - .spec[0].volume_mode: planned value cty.StringVal("Filesystem") for a non-computed attribute
      - .spec[0].claim_ref: attribute representing nested block must not be unknown itself; set nested attribute values to unknown instead
      - .spec[0].node_affinity: attribute representing nested block must not be unknown itself; set nested attribute values to unknown instead
2025-02-06T08:07:41.742+0200 [INFO]  Starting apply for module.express_server.kubernetes_persistent_volume.reactory_data
2025-02-06T08:07:41.742+0200 [INFO]  Starting apply for module.redis.kubernetes_persistent_volume.redis_data
2025-02-06T08:07:41.742+0200 [INFO]  Starting apply for module.mongodb.kubernetes_persistent_volume.mongodb_data
2025-02-06T08:07:41.742+0200 [WARN]  Provider "registry.terraform.io/hashicorp/kubernetes" produced an invalid plan for module.meilisearch.kubernetes_persistent_volume.meilisearch_data, but we are tolerating it because it is using the legacy plugin SDK.
    The following problems may be the cause of any confusing errors from downstream operations:
      - .spec[0].persistent_volume_reclaim_policy: planned value cty.StringVal("Retain") for a non-computed attribute
      - .spec[0].volume_mode: planned value cty.StringVal("Filesystem") for a non-computed attribute
      - .spec[0].claim_ref: attribute representing nested block must not be unknown itself; set nested attribute values to unknown instead
      - .spec[0].node_affinity: attribute representing nested block must not be unknown itself; set nested attribute values to unknown instead
2025-02-06T08:07:41.742+0200 [INFO]  Starting apply for module.meilisearch.kubernetes_persistent_volume.meilisearch_data
2025-02-06T08:07:41.771+0200 [WARN]  Provider "provider[\"registry.terraform.io/hashicorp/kubernetes\"]" produced an unexpected new value for kubernetes_namespace.reactory, but we are tolerating it because it is using the legacy plugin SDK.
    The following problems may be the cause of any confusing errors from downstream operations:
      - .metadata[0].generate_name: was null, but now cty.StringVal("")
2025-02-06T08:07:41.783+0200 [WARN]  Provider "registry.terraform.io/hashicorp/kubernetes" produced an invalid plan for module.meilisearch.kubernetes_persistent_volume_claim.meilisearch_data, but we are tolerating it because it is using the legacy plugin SDK.
    The following problems may be the cause of any confusing errors from downstream operations:
      - .wait_until_bound: planned value cty.True for a non-computed attribute
2025-02-06T08:07:41.783+0200 [WARN]  Provider "registry.terraform.io/hashicorp/kubernetes" produced an invalid plan for module.postgres.kubernetes_persistent_volume_claim.postgres_data, but we are tolerating it because it is using the legacy plugin SDK.
    The following problems may be the cause of any confusing errors from downstream operations:
      - .wait_until_bound: planned value cty.True for a non-computed attribute
2025-02-06T08:07:41.783+0200 [WARN]  Provider "registry.terraform.io/hashicorp/kubernetes" produced an invalid plan for module.prometheus.kubernetes_service.reactory_prometheus, but we are tolerating it because it is using the legacy plugin SDK.
    The following problems may be the cause of any confusing errors from downstream operations:
      - .wait_for_load_balancer: planned value cty.True for a non-computed attribute
      - .spec[0].session_affinity: planned value cty.StringVal("None") for a non-computed attribute
      - .spec[0].allocate_load_balancer_node_ports: planned value cty.True for a non-computed attribute
      - .spec[0].publish_not_ready_addresses: planned value cty.False for a non-computed attribute
      - .spec[0].port[0].protocol: planned value cty.StringVal("TCP") for a non-computed attribute
      - .spec[0].session_affinity_config: attribute representing nested block must not be unknown itself; set nested attribute values to unknown instead
2025-02-06T08:07:41.783+0200 [INFO]  Starting apply for module.meilisearch.kubernetes_persistent_volume_claim.meilisearch_data
2025-02-06T08:07:41.783+0200 [INFO]  Starting apply for module.postgres.kubernetes_persistent_volume_claim.postgres_data
2025-02-06T08:07:41.784+0200 [INFO]  Starting apply for module.prometheus.kubernetes_service.reactory_prometheus
2025-02-06T08:07:41.784+0200 [WARN]  Provider "registry.terraform.io/hashicorp/kubernetes" produced an invalid plan for module.mongodb.kubernetes_persistent_volume_claim.mongodb_data, but we are tolerating it because it is using the legacy plugin SDK.
    The following problems may be the cause of any confusing errors from downstream operations:
      - .wait_until_bound: planned value cty.True for a non-computed attribute
2025-02-06T08:07:41.784+0200 [INFO]  Starting apply for module.mongodb.kubernetes_persistent_volume_claim.mongodb_data
2025-02-06T08:07:41.796+0200 [WARN]  Provider "registry.terraform.io/hashicorp/kubernetes" produced an invalid plan for module.prometheus.kubernetes_deployment.reactory_prometheus, but we are tolerating it because it is using the legacy plugin SDK.
    The following problems may be the cause of any confusing errors from downstream operations:
      - .wait_for_rollout: planned value cty.True for a non-computed attribute
      - .spec[0].progress_deadline_seconds: planned value cty.NumberIntVal(600) for a non-computed attribute
      - .spec[0].revision_history_limit: planned value cty.NumberIntVal(10) for a non-computed attribute
      - .spec[0].min_ready_seconds: planned value cty.NumberIntVal(0) for a non-computed attribute
      - .spec[0].paused: planned value cty.False for a non-computed attribute
      - .spec[0].strategy: attribute representing nested block must not be unknown itself; set nested attribute values to unknown instead
      - .spec[0].template[0].spec[0].share_process_namespace: planned value cty.False for a non-computed attribute
      - .spec[0].template[0].spec[0].host_pid: planned value cty.False for a non-computed attribute
      - .spec[0].template[0].spec[0].enable_service_links: planned value cty.True for a non-computed attribute
      - .spec[0].template[0].spec[0].host_ipc: planned value cty.False for a non-computed attribute
      - .spec[0].template[0].spec[0].dns_policy: planned value cty.StringVal("ClusterFirst") for a non-computed attribute
      - .spec[0].template[0].spec[0].host_network: planned value cty.False for a non-computed attribute
      - .spec[0].template[0].spec[0].restart_policy: planned value cty.StringVal("Always") for a non-computed attribute
      - .spec[0].template[0].spec[0].termination_grace_period_seconds: planned value cty.NumberIntVal(30) for a non-computed attribute
      - .spec[0].template[0].spec[0].automount_service_account_token: planned value cty.True for a non-computed attribute
      - .spec[0].template[0].spec[0].container[0].stdin: planned value cty.False for a non-computed attribute
      - .spec[0].template[0].spec[0].container[0].tty: planned value cty.False for a non-computed attribute
      - .spec[0].template[0].spec[0].container[0].stdin_once: planned value cty.False for a non-computed attribute
      - .spec[0].template[0].spec[0].container[0].termination_message_path: planned value cty.StringVal("/dev/termination-log") for a non-computed attribute
      - .spec[0].template[0].spec[0].container[0].volume_mount[0].read_only: planned value cty.False for a non-computed attribute
      - .spec[0].template[0].spec[0].container[0].volume_mount[0].mount_propagation: planned value cty.StringVal("None") for a non-computed attribute
      - .spec[0].template[0].spec[0].container[0].resources: attribute representing nested block must not be unknown itself; set nested attribute values to unknown instead
      - .spec[0].template[0].spec[0].image_pull_secrets: attribute representing nested block must not be unknown itself; set nested attribute values to unknown instead
      - .spec[0].template[0].spec[0].readiness_gate: attribute representing nested block must not be unknown itself; set nested attribute values to unknown instead
2025-02-06T08:07:41.796+0200 [INFO]  Starting apply for module.prometheus.kubernetes_deployment.reactory_prometheus
2025-02-06T08:07:41.797+0200 [WARN]  Provider "provider[\"registry.terraform.io/hashicorp/kubernetes\"]" produced an unexpected new value for module.prometheus.kubernetes_service.reactory_prometheus, but we are tolerating it because it is using the legacy plugin SDK.
    The following problems may be the cause of any confusing errors from downstream operations:
      - .metadata[0].generate_name: was null, but now cty.StringVal("")
      - .spec[0].load_balancer_ip: was null, but now cty.StringVal("")
      - .spec[0].external_name: was null, but now cty.StringVal("")
      - .spec[0].load_balancer_class: was null, but now cty.StringVal("")
      - .spec[0].port[0].app_protocol: was null, but now cty.StringVal("")
      - .spec[0].port[0].name: was null, but now cty.StringVal("")
2025-02-06T08:07:41.804+0200 [WARN]  Provider "registry.terraform.io/hashicorp/kubernetes" produced an invalid plan for module.jaeger.kubernetes_service.reactory_jaeger, but we are tolerating it because it is using the legacy plugin SDK.
    The following problems may be the cause of any confusing errors from downstream operations:
      - .wait_for_load_balancer: planned value cty.True for a non-computed attribute
      - .spec[0].session_affinity: planned value cty.StringVal("None") for a non-computed attribute
      - .spec[0].allocate_load_balancer_node_ports: planned value cty.True for a non-computed attribute
      - .spec[0].publish_not_ready_addresses: planned value cty.False for a non-computed attribute
      - .spec[0].port[0].protocol: planned value cty.StringVal("TCP") for a non-computed attribute
      - .spec[0].port[1].protocol: planned value cty.StringVal("TCP") for a non-computed attribute
      - .spec[0].session_affinity_config: attribute representing nested block must not be unknown itself; set nested attribute values to unknown instead
2025-02-06T08:07:41.804+0200 [INFO]  Starting apply for module.jaeger.kubernetes_service.reactory_jaeger
2025-02-06T08:07:41.823+0200 [WARN]  Provider "provider[\"registry.terraform.io/hashicorp/kubernetes\"]" produced an unexpected new value for module.jaeger.kubernetes_service.reactory_jaeger, but we are tolerating it because it is using the legacy plugin SDK.
    The following problems may be the cause of any confusing errors from downstream operations:
      - .metadata[0].generate_name: was null, but now cty.StringVal("")
      - .spec[0].external_name: was null, but now cty.StringVal("")
      - .spec[0].load_balancer_class: was null, but now cty.StringVal("")
      - .spec[0].load_balancer_ip: was null, but now cty.StringVal("")
      - .spec[0].port[0].app_protocol: was null, but now cty.StringVal("")
      - .spec[0].port[1].app_protocol: was null, but now cty.StringVal("")
2025-02-06T08:07:41.832+0200 [WARN]  Provider "registry.terraform.io/hashicorp/kubernetes" produced an invalid plan for module.redis.kubernetes_persistent_volume_claim.redis_data, but we are tolerating it because it is using the legacy plugin SDK.
    The following problems may be the cause of any confusing errors from downstream operations:
      - .wait_until_bound: planned value cty.True for a non-computed attribute
2025-02-06T08:07:41.832+0200 [INFO]  Starting apply for module.redis.kubernetes_persistent_volume_claim.redis_data
2025-02-06T08:07:41.975+0200 [WARN]  Provider "provider[\"registry.terraform.io/hashicorp/kubernetes\"]" produced an unexpected new value for module.express_server.kubernetes_persistent_volume.reactory_data, but we are tolerating it because it is using the legacy plugin SDK.
    The following problems may be the cause of any confusing errors from downstream operations:
      - .spec[0].storage_class_name: was null, but now cty.StringVal("")
      - .spec[0].persistent_volume_source[0].host_path[0].type: was null, but now cty.StringVal("")
2025-02-06T08:07:41.975+0200 [WARN]  Provider "provider[\"registry.terraform.io/hashicorp/kubernetes\"]" produced an unexpected new value for module.postgres.kubernetes_persistent_volume.postgres_data, but we are tolerating it because it is using the legacy plugin SDK.
    The following problems may be the cause of any confusing errors from downstream operations:
      - .spec[0].storage_class_name: was null, but now cty.StringVal("")
      - .spec[0].persistent_volume_source[0].host_path[0].type: was null, but now cty.StringVal("")
2025-02-06T08:07:41.975+0200 [WARN]  Provider "provider[\"registry.terraform.io/hashicorp/kubernetes\"]" produced an unexpected new value for module.mongodb.kubernetes_persistent_volume.mongodb_data, but we are tolerating it because it is using the legacy plugin SDK.
    The following problems may be the cause of any confusing errors from downstream operations:
      - .spec[0].storage_class_name: was null, but now cty.StringVal("")
      - .spec[0].persistent_volume_source[0].host_path[0].type: was null, but now cty.StringVal("")
2025-02-06T08:07:41.975+0200 [WARN]  Provider "provider[\"registry.terraform.io/hashicorp/kubernetes\"]" produced an unexpected new value for module.redis.kubernetes_persistent_volume.redis_data, but we are tolerating it because it is using the legacy plugin SDK.
    The following problems may be the cause of any confusing errors from downstream operations:
      - .spec[0].storage_class_name: was null, but now cty.StringVal("")
      - .spec[0].persistent_volume_source[0].host_path[0].type: was null, but now cty.StringVal("")
2025-02-06T08:07:41.975+0200 [WARN]  Provider "provider[\"registry.terraform.io/hashicorp/kubernetes\"]" produced an unexpected new value for module.meilisearch.kubernetes_persistent_volume.meilisearch_data, but we are tolerating it because it is using the legacy plugin SDK.
    The following problems may be the cause of any confusing errors from downstream operations:
      - .spec[0].storage_class_name: was null, but now cty.StringVal("")
      - .spec[0].persistent_volume_source[0].host_path[0].type: was null, but now cty.StringVal("")
2025-02-06T08:07:41.990+0200 [WARN]  Provider "registry.terraform.io/hashicorp/kubernetes" produced an invalid plan for module.express_server.kubernetes_service.reactory_express_server, but we are tolerating it because it is using the legacy plugin SDK.
    The following problems may be the cause of any confusing errors from downstream operations:
      - .wait_for_load_balancer: planned value cty.True for a non-computed attribute
      - .spec[0].session_affinity: planned value cty.StringVal("None") for a non-computed attribute
      - .spec[0].publish_not_ready_addresses: planned value cty.False for a non-computed attribute
      - .spec[0].allocate_load_balancer_node_ports: planned value cty.True for a non-computed attribute
      - .spec[0].port[0].protocol: planned value cty.StringVal("TCP") for a non-computed attribute
      - .spec[0].session_affinity_config: attribute representing nested block must not be unknown itself; set nested attribute values to unknown instead
2025-02-06T08:07:41.994+0200 [INFO]  Starting apply for module.express_server.kubernetes_service.reactory_express_server
2025-02-06T08:07:42.010+0200 [WARN]  Provider "registry.terraform.io/hashicorp/kubernetes" produced an invalid plan for module.grafana.kubernetes_service.reactory_grafana, but we are tolerating it because it is using the legacy plugin SDK.
    The following problems may be the cause of any confusing errors from downstream operations:
      - .wait_for_load_balancer: planned value cty.True for a non-computed attribute
      - .spec[0].allocate_load_balancer_node_ports: planned value cty.True for a non-computed attribute
      - .spec[0].publish_not_ready_addresses: planned value cty.False for a non-computed attribute
      - .spec[0].session_affinity: planned value cty.StringVal("None") for a non-computed attribute
      - .spec[0].port[0].protocol: planned value cty.StringVal("TCP") for a non-computed attribute
      - .spec[0].session_affinity_config: attribute representing nested block must not be unknown itself; set nested attribute values to unknown instead
2025-02-06T08:07:42.010+0200 [INFO]  Starting apply for module.grafana.kubernetes_service.reactory_grafana
2025-02-06T08:07:42.011+0200 [WARN]  Provider "registry.terraform.io/hashicorp/kubernetes" produced an invalid plan for module.express_server.kubernetes_persistent_volume_claim.reactory_data, but we are tolerating it because it is using the legacy plugin SDK.
    The following problems may be the cause of any confusing errors from downstream operations:
      - .wait_until_bound: planned value cty.True for a non-computed attribute
2025-02-06T08:07:42.011+0200 [INFO]  Starting apply for module.express_server.kubernetes_persistent_volume_claim.reactory_data
2025-02-06T08:07:42.012+0200 [WARN]  Provider "provider[\"registry.terraform.io/hashicorp/kubernetes\"]" produced an unexpected new value for module.express_server.kubernetes_service.reactory_express_server, but we are tolerating it because it is using the legacy plugin SDK.
    The following problems may be the cause of any confusing errors from downstream operations:
      - .metadata[0].generate_name: was null, but now cty.StringVal("")
      - .spec[0].external_name: was null, but now cty.StringVal("")
      - .spec[0].load_balancer_class: was null, but now cty.StringVal("")
      - .spec[0].load_balancer_ip: was null, but now cty.StringVal("")
      - .spec[0].port[0].app_protocol: was null, but now cty.StringVal("")
      - .spec[0].port[0].name: was null, but now cty.StringVal("")
2025-02-06T08:07:42.015+0200 [WARN]  Provider "registry.terraform.io/hashicorp/kubernetes" produced an invalid plan for module.pwa_client.kubernetes_deployment.reactory_pwa_client, but we are tolerating it because it is using the legacy plugin SDK.
    The following problems may be the cause of any confusing errors from downstream operations:
      - .wait_for_rollout: planned value cty.True for a non-computed attribute
      - .spec[0].min_ready_seconds: planned value cty.NumberIntVal(0) for a non-computed attribute
      - .spec[0].paused: planned value cty.False for a non-computed attribute
      - .spec[0].progress_deadline_seconds: planned value cty.NumberIntVal(600) for a non-computed attribute
      - .spec[0].revision_history_limit: planned value cty.NumberIntVal(10) for a non-computed attribute
      - .spec[0].strategy: attribute representing nested block must not be unknown itself; set nested attribute values to unknown instead
      - .spec[0].template[0].spec[0].automount_service_account_token: planned value cty.True for a non-computed attribute
      - .spec[0].template[0].spec[0].termination_grace_period_seconds: planned value cty.NumberIntVal(30) for a non-computed attribute
      - .spec[0].template[0].spec[0].host_pid: planned value cty.False for a non-computed attribute
      - .spec[0].template[0].spec[0].share_process_namespace: planned value cty.False for a non-computed attribute
      - .spec[0].template[0].spec[0].dns_policy: planned value cty.StringVal("ClusterFirst") for a non-computed attribute
      - .spec[0].template[0].spec[0].enable_service_links: planned value cty.True for a non-computed attribute
      - .spec[0].template[0].spec[0].host_ipc: planned value cty.False for a non-computed attribute
      - .spec[0].template[0].spec[0].restart_policy: planned value cty.StringVal("Always") for a non-computed attribute
      - .spec[0].template[0].spec[0].host_network: planned value cty.False for a non-computed attribute
      - .spec[0].template[0].spec[0].container[0].stdin_once: planned value cty.False for a non-computed attribute
      - .spec[0].template[0].spec[0].container[0].termination_message_path: planned value cty.StringVal("/dev/termination-log") for a non-computed attribute
      - .spec[0].template[0].spec[0].container[0].stdin: planned value cty.False for a non-computed attribute
      - .spec[0].template[0].spec[0].container[0].tty: planned value cty.False for a non-computed attribute
      - .spec[0].template[0].spec[0].container[0].port[0].protocol: planned value cty.StringVal("TCP") for a non-computed attribute
      - .spec[0].template[0].spec[0].container[0].resources: attribute representing nested block must not be unknown itself; set nested attribute values to unknown instead
      - .spec[0].template[0].spec[0].image_pull_secrets: attribute representing nested block must not be unknown itself; set nested attribute values to unknown instead
      - .spec[0].template[0].spec[0].readiness_gate: attribute representing nested block must not be unknown itself; set nested attribute values to unknown instead
2025-02-06T08:07:42.018+0200 [WARN]  Provider "registry.terraform.io/hashicorp/kubernetes" produced an invalid plan for module.jaeger.kubernetes_deployment.reactory_jaeger, but we are tolerating it because it is using the legacy plugin SDK.
    The following problems may be the cause of any confusing errors from downstream operations:
      - .wait_for_rollout: planned value cty.True for a non-computed attribute
      - .spec[0].min_ready_seconds: planned value cty.NumberIntVal(0) for a non-computed attribute
      - .spec[0].paused: planned value cty.False for a non-computed attribute
      - .spec[0].progress_deadline_seconds: planned value cty.NumberIntVal(600) for a non-computed attribute
      - .spec[0].revision_history_limit: planned value cty.NumberIntVal(10) for a non-computed attribute
      - .spec[0].strategy: attribute representing nested block must not be unknown itself; set nested attribute values to unknown instead
      - .spec[0].template[0].spec[0].automount_service_account_token: planned value cty.True for a non-computed attribute
      - .spec[0].template[0].spec[0].termination_grace_period_seconds: planned value cty.NumberIntVal(30) for a non-computed attribute
      - .spec[0].template[0].spec[0].host_pid: planned value cty.False for a non-computed attribute
      - .spec[0].template[0].spec[0].share_process_namespace: planned value cty.False for a non-computed attribute
      - .spec[0].template[0].spec[0].dns_policy: planned value cty.StringVal("ClusterFirst") for a non-computed attribute
      - .spec[0].template[0].spec[0].enable_service_links: planned value cty.True for a non-computed attribute
      - .spec[0].template[0].spec[0].host_ipc: planned value cty.False for a non-computed attribute
      - .spec[0].template[0].spec[0].host_network: planned value cty.False for a non-computed attribute
      - .spec[0].template[0].spec[0].restart_policy: planned value cty.StringVal("Always") for a non-computed attribute
      - .spec[0].template[0].spec[0].container[0].stdin_once: planned value cty.False for a non-computed attribute
      - .spec[0].template[0].spec[0].container[0].termination_message_path: planned value cty.StringVal("/dev/termination-log") for a non-computed attribute
      - .spec[0].template[0].spec[0].container[0].stdin: planned value cty.False for a non-computed attribute
      - .spec[0].template[0].spec[0].container[0].tty: planned value cty.False for a non-computed attribute
      - .spec[0].template[0].spec[0].container[0].port[0].protocol: planned value cty.StringVal("TCP") for a non-computed attribute
      - .spec[0].template[0].spec[0].container[0].port[1].protocol: planned value cty.StringVal("TCP") for a non-computed attribute
      - .spec[0].template[0].spec[0].container[0].resources: attribute representing nested block must not be unknown itself; set nested attribute values to unknown instead
      - .spec[0].template[0].spec[0].image_pull_secrets: attribute representing nested block must not be unknown itself; set nested attribute values to unknown instead
      - .spec[0].template[0].spec[0].readiness_gate: attribute representing nested block must not be unknown itself; set nested attribute values to unknown instead
2025-02-06T08:07:42.019+0200 [INFO]  Starting apply for module.pwa_client.kubernetes_deployment.reactory_pwa_client
2025-02-06T08:07:42.019+0200 [INFO]  Starting apply for module.jaeger.kubernetes_deployment.reactory_jaeger
2025-02-06T08:07:42.025+0200 [WARN]  Provider "provider[\"registry.terraform.io/hashicorp/kubernetes\"]" produced an unexpected new value for module.grafana.kubernetes_service.reactory_grafana, but we are tolerating it because it is using the legacy plugin SDK.
    The following problems may be the cause of any confusing errors from downstream operations:
      - .metadata[0].generate_name: was null, but now cty.StringVal("")
      - .spec[0].external_name: was null, but now cty.StringVal("")
      - .spec[0].load_balancer_class: was null, but now cty.StringVal("")
      - .spec[0].load_balancer_ip: was null, but now cty.StringVal("")
      - .spec[0].port[0].app_protocol: was null, but now cty.StringVal("")
      - .spec[0].port[0].name: was null, but now cty.StringVal("")
2025-02-06T08:07:42.033+0200 [WARN]  Provider "registry.terraform.io/hashicorp/kubernetes" produced an invalid plan for module.pwa_client.kubernetes_service.reactory_nginx, but we are tolerating it because it is using the legacy plugin SDK.
    The following problems may be the cause of any confusing errors from downstream operations:
      - .wait_for_load_balancer: planned value cty.True for a non-computed attribute
      - .spec[0].session_affinity: planned value cty.StringVal("None") for a non-computed attribute
      - .spec[0].allocate_load_balancer_node_ports: planned value cty.True for a non-computed attribute
      - .spec[0].publish_not_ready_addresses: planned value cty.False for a non-computed attribute
      - .spec[0].port[0].protocol: planned value cty.StringVal("TCP") for a non-computed attribute
      - .spec[0].session_affinity_config: attribute representing nested block must not be unknown itself; set nested attribute values to unknown instead
2025-02-06T08:07:42.033+0200 [INFO]  Starting apply for module.pwa_client.kubernetes_service.reactory_nginx
2025-02-06T08:07:42.037+0200 [WARN]  Provider "registry.terraform.io/hashicorp/kubernetes" produced an invalid plan for module.grafana.kubernetes_deployment.reactory_grafana, but we are tolerating it because it is using the legacy plugin SDK.
    The following problems may be the cause of any confusing errors from downstream operations:
      - .wait_for_rollout: planned value cty.True for a non-computed attribute
      - .spec[0].min_ready_seconds: planned value cty.NumberIntVal(0) for a non-computed attribute
      - .spec[0].paused: planned value cty.False for a non-computed attribute
      - .spec[0].progress_deadline_seconds: planned value cty.NumberIntVal(600) for a non-computed attribute
      - .spec[0].revision_history_limit: planned value cty.NumberIntVal(10) for a non-computed attribute
      - .spec[0].strategy: attribute representing nested block must not be unknown itself; set nested attribute values to unknown instead
      - .spec[0].template[0].spec[0].host_pid: planned value cty.False for a non-computed attribute
      - .spec[0].template[0].spec[0].share_process_namespace: planned value cty.False for a non-computed attribute
      - .spec[0].template[0].spec[0].dns_policy: planned value cty.StringVal("ClusterFirst") for a non-computed attribute
      - .spec[0].template[0].spec[0].enable_service_links: planned value cty.True for a non-computed attribute
      - .spec[0].template[0].spec[0].host_ipc: planned value cty.False for a non-computed attribute
      - .spec[0].template[0].spec[0].host_network: planned value cty.False for a non-computed attribute
      - .spec[0].template[0].spec[0].restart_policy: planned value cty.StringVal("Always") for a non-computed attribute
      - .spec[0].template[0].spec[0].automount_service_account_token: planned value cty.True for a non-computed attribute
      - .spec[0].template[0].spec[0].termination_grace_period_seconds: planned value cty.NumberIntVal(30) for a non-computed attribute
      - .spec[0].template[0].spec[0].readiness_gate: attribute representing nested block must not be unknown itself; set nested attribute values to unknown instead
      - .spec[0].template[0].spec[0].container[0].stdin_once: planned value cty.False for a non-computed attribute
      - .spec[0].template[0].spec[0].container[0].termination_message_path: planned value cty.StringVal("/dev/termination-log") for a non-computed attribute
      - .spec[0].template[0].spec[0].container[0].stdin: planned value cty.False for a non-computed attribute
      - .spec[0].template[0].spec[0].container[0].tty: planned value cty.False for a non-computed attribute
      - .spec[0].template[0].spec[0].container[0].volume_mount[0].mount_propagation: planned value cty.StringVal("None") for a non-computed attribute
      - .spec[0].template[0].spec[0].container[0].volume_mount[0].read_only: planned value cty.False for a non-computed attribute
      - .spec[0].template[0].spec[0].container[0].volume_mount[1].read_only: planned value cty.False for a non-computed attribute
      - .spec[0].template[0].spec[0].container[0].volume_mount[1].mount_propagation: planned value cty.StringVal("None") for a non-computed attribute
      - .spec[0].template[0].spec[0].container[0].resources: attribute representing nested block must not be unknown itself; set nested attribute values to unknown instead
      - .spec[0].template[0].spec[0].image_pull_secrets: attribute representing nested block must not be unknown itself; set nested attribute values to unknown instead
2025-02-06T08:07:42.037+0200 [INFO]  Starting apply for module.grafana.kubernetes_deployment.reactory_grafana
2025-02-06T08:07:42.063+0200 [WARN]  Provider "provider[\"registry.terraform.io/hashicorp/kubernetes\"]" produced an unexpected new value for module.pwa_client.kubernetes_service.reactory_nginx, but we are tolerating it because it is using the legacy plugin SDK.
    The following problems may be the cause of any confusing errors from downstream operations:
      - .metadata[0].generate_name: was null, but now cty.StringVal("")
      - .spec[0].load_balancer_ip: was null, but now cty.StringVal("")
      - .spec[0].external_name: was null, but now cty.StringVal("")
      - .spec[0].load_balancer_class: was null, but now cty.StringVal("")
      - .spec[0].port[0].app_protocol: was null, but now cty.StringVal("")
      - .spec[0].port[0].name: was null, but now cty.StringVal("")
2025-02-06T08:07:44.830+0200 [WARN]  Provider "provider[\"registry.terraform.io/hashicorp/kubernetes\"]" produced an unexpected new value for module.meilisearch.kubernetes_persistent_volume_claim.meilisearch_data, but we are tolerating it because it is using the legacy plugin SDK.
    The following problems may be the cause of any confusing errors from downstream operations:
      - .metadata[0].generate_name: was null, but now cty.StringVal("")
2025-02-06T08:07:44.830+0200 [WARN]  Provider "provider[\"registry.terraform.io/hashicorp/kubernetes\"]" produced an unexpected new value for module.postgres.kubernetes_persistent_volume_claim.postgres_data, but we are tolerating it because it is using the legacy plugin SDK.
    The following problems may be the cause of any confusing errors from downstream operations:
      - .metadata[0].generate_name: was null, but now cty.StringVal("")
2025-02-06T08:07:44.831+0200 [WARN]  Provider "provider[\"registry.terraform.io/hashicorp/kubernetes\"]" produced an unexpected new value for module.mongodb.kubernetes_persistent_volume_claim.mongodb_data, but we are tolerating it because it is using the legacy plugin SDK.
    The following problems may be the cause of any confusing errors from downstream operations:
      - .metadata[0].generate_name: was null, but now cty.StringVal("")
2025-02-06T08:07:44.855+0200 [WARN]  Provider "provider[\"registry.terraform.io/hashicorp/kubernetes\"]" produced an unexpected new value for module.redis.kubernetes_persistent_volume_claim.redis_data, but we are tolerating it because it is using the legacy plugin SDK.
    The following problems may be the cause of any confusing errors from downstream operations:
      - .metadata[0].generate_name: was null, but now cty.StringVal("")
2025-02-06T08:07:44.886+0200 [WARN]  Provider "registry.terraform.io/hashicorp/kubernetes" produced an invalid plan for module.mongodb.kubernetes_deployment.reactory_mongodb, but we are tolerating it because it is using the legacy plugin SDK.
    The following problems may be the cause of any confusing errors from downstream operations:
      - .wait_for_rollout: planned value cty.True for a non-computed attribute
      - .spec[0].min_ready_seconds: planned value cty.NumberIntVal(0) for a non-computed attribute
      - .spec[0].paused: planned value cty.False for a non-computed attribute
      - .spec[0].progress_deadline_seconds: planned value cty.NumberIntVal(600) for a non-computed attribute
      - .spec[0].revision_history_limit: planned value cty.NumberIntVal(10) for a non-computed attribute
      - .spec[0].template[0].spec[0].dns_policy: planned value cty.StringVal("ClusterFirst") for a non-computed attribute
      - .spec[0].template[0].spec[0].enable_service_links: planned value cty.True for a non-computed attribute
      - .spec[0].template[0].spec[0].host_ipc: planned value cty.False for a non-computed attribute
      - .spec[0].template[0].spec[0].host_network: planned value cty.False for a non-computed attribute
      - .spec[0].template[0].spec[0].restart_policy: planned value cty.StringVal("Always") for a non-computed attribute
      - .spec[0].template[0].spec[0].automount_service_account_token: planned value cty.True for a non-computed attribute
      - .spec[0].template[0].spec[0].termination_grace_period_seconds: planned value cty.NumberIntVal(30) for a non-computed attribute
      - .spec[0].template[0].spec[0].host_pid: planned value cty.False for a non-computed attribute
      - .spec[0].template[0].spec[0].share_process_namespace: planned value cty.False for a non-computed attribute
      - .spec[0].template[0].spec[0].volume[0].persistent_volume_claim[0].read_only: planned value cty.False for a non-computed attribute
      - .spec[0].template[0].spec[0].container[0].stdin: planned value cty.False for a non-computed attribute
      - .spec[0].template[0].spec[0].container[0].tty: planned value cty.False for a non-computed attribute
      - .spec[0].template[0].spec[0].container[0].stdin_once: planned value cty.False for a non-computed attribute
      - .spec[0].template[0].spec[0].container[0].termination_message_path: planned value cty.StringVal("/dev/termination-log") for a non-computed attribute
      - .spec[0].template[0].spec[0].container[0].resources: attribute representing nested block must not be unknown itself; set nested attribute values to unknown instead
      - .spec[0].template[0].spec[0].container[0].volume_mount[0].mount_propagation: planned value cty.StringVal("None") for a non-computed attribute
      - .spec[0].template[0].spec[0].container[0].volume_mount[0].read_only: planned value cty.False for a non-computed attribute
      - .spec[0].template[0].spec[0].image_pull_secrets: attribute representing nested block must not be unknown itself; set nested attribute values to unknown instead
      - .spec[0].template[0].spec[0].readiness_gate: attribute representing nested block must not be unknown itself; set nested attribute values to unknown instead
      - .spec[0].strategy: attribute representing nested block must not be unknown itself; set nested attribute values to unknown instead
2025-02-06T08:07:44.886+0200 [WARN]  Provider "registry.terraform.io/hashicorp/kubernetes" produced an invalid plan for module.postgres.kubernetes_deployment.reactory_postgres, but we are tolerating it because it is using the legacy plugin SDK.
    The following problems may be the cause of any confusing errors from downstream operations:
      - .wait_for_rollout: planned value cty.True for a non-computed attribute
      - .spec[0].min_ready_seconds: planned value cty.NumberIntVal(0) for a non-computed attribute
      - .spec[0].paused: planned value cty.False for a non-computed attribute
      - .spec[0].progress_deadline_seconds: planned value cty.NumberIntVal(600) for a non-computed attribute
      - .spec[0].revision_history_limit: planned value cty.NumberIntVal(10) for a non-computed attribute
      - .spec[0].strategy: attribute representing nested block must not be unknown itself; set nested attribute values to unknown instead
      - .spec[0].template[0].spec[0].host_pid: planned value cty.False for a non-computed attribute
      - .spec[0].template[0].spec[0].share_process_namespace: planned value cty.False for a non-computed attribute
      - .spec[0].template[0].spec[0].dns_policy: planned value cty.StringVal("ClusterFirst") for a non-computed attribute
      - .spec[0].template[0].spec[0].enable_service_links: planned value cty.True for a non-computed attribute
      - .spec[0].template[0].spec[0].host_ipc: planned value cty.False for a non-computed attribute
      - .spec[0].template[0].spec[0].host_network: planned value cty.False for a non-computed attribute
      - .spec[0].template[0].spec[0].restart_policy: planned value cty.StringVal("Always") for a non-computed attribute
      - .spec[0].template[0].spec[0].automount_service_account_token: planned value cty.True for a non-computed attribute
      - .spec[0].template[0].spec[0].termination_grace_period_seconds: planned value cty.NumberIntVal(30) for a non-computed attribute
      - .spec[0].template[0].spec[0].container[0].stdin: planned value cty.False for a non-computed attribute
      - .spec[0].template[0].spec[0].container[0].tty: planned value cty.False for a non-computed attribute
      - .spec[0].template[0].spec[0].container[0].stdin_once: planned value cty.False for a non-computed attribute
      - .spec[0].template[0].spec[0].container[0].termination_message_path: planned value cty.StringVal("/dev/termination-log") for a non-computed attribute
      - .spec[0].template[0].spec[0].container[0].volume_mount[0].read_only: planned value cty.False for a non-computed attribute
      - .spec[0].template[0].spec[0].container[0].volume_mount[0].mount_propagation: planned value cty.StringVal("None") for a non-computed attribute
      - .spec[0].template[0].spec[0].container[0].resources: attribute representing nested block must not be unknown itself; set nested attribute values to unknown instead
      - .spec[0].template[0].spec[0].image_pull_secrets: attribute representing nested block must not be unknown itself; set nested attribute values to unknown instead
      - .spec[0].template[0].spec[0].readiness_gate: attribute representing nested block must not be unknown itself; set nested attribute values to unknown instead
      - .spec[0].template[0].spec[0].volume[0].persistent_volume_claim[0].read_only: planned value cty.False for a non-computed attribute
2025-02-06T08:07:44.886+0200 [WARN]  Provider "registry.terraform.io/hashicorp/kubernetes" produced an invalid plan for module.redis.kubernetes_deployment.reactory_redis, but we are tolerating it because it is using the legacy plugin SDK.
    The following problems may be the cause of any confusing errors from downstream operations:
      - .wait_for_rollout: planned value cty.True for a non-computed attribute
      - .spec[0].min_ready_seconds: planned value cty.NumberIntVal(0) for a non-computed attribute
      - .spec[0].paused: planned value cty.False for a non-computed attribute
      - .spec[0].progress_deadline_seconds: planned value cty.NumberIntVal(600) for a non-computed attribute
      - .spec[0].revision_history_limit: planned value cty.NumberIntVal(10) for a non-computed attribute
      - .spec[0].strategy: attribute representing nested block must not be unknown itself; set nested attribute values to unknown instead
      - .spec[0].template[0].spec[0].dns_policy: planned value cty.StringVal("ClusterFirst") for a non-computed attribute
      - .spec[0].template[0].spec[0].enable_service_links: planned value cty.True for a non-computed attribute
      - .spec[0].template[0].spec[0].host_ipc: planned value cty.False for a non-computed attribute
      - .spec[0].template[0].spec[0].host_network: planned value cty.False for a non-computed attribute
      - .spec[0].template[0].spec[0].restart_policy: planned value cty.StringVal("Always") for a non-computed attribute
      - .spec[0].template[0].spec[0].automount_service_account_token: planned value cty.True for a non-computed attribute
      - .spec[0].template[0].spec[0].termination_grace_period_seconds: planned value cty.NumberIntVal(30) for a non-computed attribute
      - .spec[0].template[0].spec[0].host_pid: planned value cty.False for a non-computed attribute
      - .spec[0].template[0].spec[0].share_process_namespace: planned value cty.False for a non-computed attribute
      - .spec[0].template[0].spec[0].image_pull_secrets: attribute representing nested block must not be unknown itself; set nested attribute values to unknown instead
      - .spec[0].template[0].spec[0].readiness_gate: attribute representing nested block must not be unknown itself; set nested attribute values to unknown instead
      - .spec[0].template[0].spec[0].volume[0].persistent_volume_claim[0].read_only: planned value cty.False for a non-computed attribute
      - .spec[0].template[0].spec[0].container[0].stdin: planned value cty.False for a non-computed attribute
      - .spec[0].template[0].spec[0].container[0].tty: planned value cty.False for a non-computed attribute
      - .spec[0].template[0].spec[0].container[0].stdin_once: planned value cty.False for a non-computed attribute
      - .spec[0].template[0].spec[0].container[0].termination_message_path: planned value cty.StringVal("/dev/termination-log") for a non-computed attribute
      - .spec[0].template[0].spec[0].container[0].volume_mount[0].mount_propagation: planned value cty.StringVal("None") for a non-computed attribute
      - .spec[0].template[0].spec[0].container[0].volume_mount[0].read_only: planned value cty.False for a non-computed attribute
      - .spec[0].template[0].spec[0].container[0].resources: attribute representing nested block must not be unknown itself; set nested attribute values to unknown instead
2025-02-06T08:07:44.886+0200 [INFO]  Starting apply for module.postgres.kubernetes_deployment.reactory_postgres
2025-02-06T08:07:44.886+0200 [INFO]  Starting apply for module.mongodb.kubernetes_deployment.reactory_mongodb
2025-02-06T08:07:44.886+0200 [INFO]  Starting apply for module.redis.kubernetes_deployment.reactory_redis
2025-02-06T08:07:44.886+0200 [WARN]  Provider "registry.terraform.io/hashicorp/kubernetes" produced an invalid plan for module.meilisearch.kubernetes_deployment.reactory_meilisearch, but we are tolerating it because it is using the legacy plugin SDK.
    The following problems may be the cause of any confusing errors from downstream operations:
      - .wait_for_rollout: planned value cty.True for a non-computed attribute
      - .spec[0].min_ready_seconds: planned value cty.NumberIntVal(0) for a non-computed attribute
      - .spec[0].paused: planned value cty.False for a non-computed attribute
      - .spec[0].progress_deadline_seconds: planned value cty.NumberIntVal(600) for a non-computed attribute
      - .spec[0].revision_history_limit: planned value cty.NumberIntVal(10) for a non-computed attribute
      - .spec[0].strategy: attribute representing nested block must not be unknown itself; set nested attribute values to unknown instead
      - .spec[0].template[0].spec[0].host_pid: planned value cty.False for a non-computed attribute
      - .spec[0].template[0].spec[0].share_process_namespace: planned value cty.False for a non-computed attribute
      - .spec[0].template[0].spec[0].host_ipc: planned value cty.False for a non-computed attribute
      - .spec[0].template[0].spec[0].dns_policy: planned value cty.StringVal("ClusterFirst") for a non-computed attribute
      - .spec[0].template[0].spec[0].enable_service_links: planned value cty.True for a non-computed attribute
      - .spec[0].template[0].spec[0].restart_policy: planned value cty.StringVal("Always") for a non-computed attribute
      - .spec[0].template[0].spec[0].host_network: planned value cty.False for a non-computed attribute
      - .spec[0].template[0].spec[0].termination_grace_period_seconds: planned value cty.NumberIntVal(30) for a non-computed attribute
      - .spec[0].template[0].spec[0].automount_service_account_token: planned value cty.True for a non-computed attribute
      - .spec[0].template[0].spec[0].volume[0].persistent_volume_claim[0].read_only: planned value cty.False for a non-computed attribute
      - .spec[0].template[0].spec[0].container[0].stdin_once: planned value cty.False for a non-computed attribute
      - .spec[0].template[0].spec[0].container[0].termination_message_path: planned value cty.StringVal("/dev/termination-log") for a non-computed attribute
      - .spec[0].template[0].spec[0].container[0].stdin: planned value cty.False for a non-computed attribute
      - .spec[0].template[0].spec[0].container[0].tty: planned value cty.False for a non-computed attribute
      - .spec[0].template[0].spec[0].container[0].resources: attribute representing nested block must not be unknown itself; set nested attribute values to unknown instead
      - .spec[0].template[0].spec[0].container[0].volume_mount[0].mount_propagation: planned value cty.StringVal("None") for a non-computed attribute
      - .spec[0].template[0].spec[0].container[0].volume_mount[0].read_only: planned value cty.False for a non-computed attribute
      - .spec[0].template[0].spec[0].image_pull_secrets: attribute representing nested block must not be unknown itself; set nested attribute values to unknown instead
      - .spec[0].template[0].spec[0].readiness_gate: attribute representing nested block must not be unknown itself; set nested attribute values to unknown instead
2025-02-06T08:07:44.886+0200 [INFO]  Starting apply for module.meilisearch.kubernetes_deployment.reactory_meilisearch
2025-02-06T08:07:45.031+0200 [WARN]  Provider "provider[\"registry.terraform.io/hashicorp/kubernetes\"]" produced an unexpected new value for module.express_server.kubernetes_persistent_volume_claim.reactory_data, but we are tolerating it because it is using the legacy plugin SDK.
    The following problems may be the cause of any confusing errors from downstream operations:
      - .metadata[0].generate_name: was null, but now cty.StringVal("")
2025-02-06T08:07:45.052+0200 [WARN]  Provider "registry.terraform.io/hashicorp/kubernetes" produced an invalid plan for module.express_server.kubernetes_deployment.reactory_express_server, but we are tolerating it because it is using the legacy plugin SDK.
    The following problems may be the cause of any confusing errors from downstream operations:
      - .wait_for_rollout: planned value cty.True for a non-computed attribute
      - .spec[0].paused: planned value cty.False for a non-computed attribute
      - .spec[0].progress_deadline_seconds: planned value cty.NumberIntVal(600) for a non-computed attribute
      - .spec[0].revision_history_limit: planned value cty.NumberIntVal(10) for a non-computed attribute
      - .spec[0].min_ready_seconds: planned value cty.NumberIntVal(0) for a non-computed attribute
      - .spec[0].strategy: attribute representing nested block must not be unknown itself; set nested attribute values to unknown instead
      - .spec[0].template[0].spec[0].restart_policy: planned value cty.StringVal("Always") for a non-computed attribute
      - .spec[0].template[0].spec[0].host_network: planned value cty.False for a non-computed attribute
      - .spec[0].template[0].spec[0].automount_service_account_token: planned value cty.True for a non-computed attribute
      - .spec[0].template[0].spec[0].termination_grace_period_seconds: planned value cty.NumberIntVal(30) for a non-computed attribute
      - .spec[0].template[0].spec[0].host_pid: planned value cty.False for a non-computed attribute
      - .spec[0].template[0].spec[0].share_process_namespace: planned value cty.False for a non-computed attribute
      - .spec[0].template[0].spec[0].dns_policy: planned value cty.StringVal("ClusterFirst") for a non-computed attribute
      - .spec[0].template[0].spec[0].enable_service_links: planned value cty.True for a non-computed attribute
      - .spec[0].template[0].spec[0].host_ipc: planned value cty.False for a non-computed attribute
      - .spec[0].template[0].spec[0].readiness_gate: attribute representing nested block must not be unknown itself; set nested attribute values to unknown instead
      - .spec[0].template[0].spec[0].volume[0].persistent_volume_claim[0].read_only: planned value cty.False for a non-computed attribute
      - .spec[0].template[0].spec[0].container[0].stdin: planned value cty.False for a non-computed attribute
      - .spec[0].template[0].spec[0].container[0].tty: planned value cty.False for a non-computed attribute
      - .spec[0].template[0].spec[0].container[0].stdin_once: planned value cty.False for a non-computed attribute
      - .spec[0].template[0].spec[0].container[0].termination_message_path: planned value cty.StringVal("/dev/termination-log") for a non-computed attribute
      - .spec[0].template[0].spec[0].container[0].resources: attribute representing nested block must not be unknown itself; set nested attribute values to unknown instead
      - .spec[0].template[0].spec[0].container[0].volume_mount[0].mount_propagation: planned value cty.StringVal("None") for a non-computed attribute
      - .spec[0].template[0].spec[0].container[0].volume_mount[0].read_only: planned value cty.False for a non-computed attribute
      - .spec[0].template[0].spec[0].container[0].volume_mount[1].mount_propagation: planned value cty.StringVal("None") for a non-computed attribute
      - .spec[0].template[0].spec[0].container[0].volume_mount[1].read_only: planned value cty.False for a non-computed attribute
      - .spec[0].template[0].spec[0].image_pull_secrets: attribute representing nested block must not be unknown itself; set nested attribute values to unknown instead
2025-02-06T08:07:45.052+0200 [INFO]  Starting apply for module.express_server.kubernetes_deployment.reactory_express_server
2025-02-06T08:10:37.698+0200 [WARN]  Provider "provider[\"registry.terraform.io/hashicorp/kubernetes\"]" produced an unexpected new value for module.jaeger.kubernetes_deployment.reactory_jaeger, but we are tolerating it because it is using the legacy plugin SDK.
    The following problems may be the cause of any confusing errors from downstream operations:
      - .metadata[0].generate_name: was null, but now cty.StringVal("")
      - .spec[0].template[0].metadata[0].namespace: was null, but now cty.StringVal("")
      - .spec[0].template[0].metadata[0].generate_name: was null, but now cty.StringVal("")
      - .spec[0].template[0].spec[0].active_deadline_seconds: was null, but now cty.NumberIntVal(0)
      - .spec[0].template[0].spec[0].priority_class_name: was null, but now cty.StringVal("")
      - .spec[0].template[0].spec[0].runtime_class_name: was null, but now cty.StringVal("")
      - .spec[0].template[0].spec[0].subdomain: was null, but now cty.StringVal("")
      - .spec[0].template[0].spec[0].container[0].working_dir: was null, but now cty.StringVal("")
      - .spec[0].template[0].spec[0].container[0].port[0].host_ip: was null, but now cty.StringVal("")
      - .spec[0].template[0].spec[0].container[0].port[0].host_port: was null, but now cty.NumberIntVal(0)
      - .spec[0].template[0].spec[0].container[0].port[0].name: was null, but now cty.StringVal("")
      - .spec[0].template[0].spec[0].container[0].port[1].host_port: was null, but now cty.NumberIntVal(0)
      - .spec[0].template[0].spec[0].container[0].port[1].name: was null, but now cty.StringVal("")
      - .spec[0].template[0].spec[0].container[0].port[1].host_ip: was null, but now cty.StringVal("")
2025-02-06T08:12:57.805+0200 [WARN]  Provider "provider[\"registry.terraform.io/hashicorp/kubernetes\"]" produced an unexpected new value for module.grafana.kubernetes_deployment.reactory_grafana, but we are tolerating it because it is using the legacy plugin SDK.
    The following problems may be the cause of any confusing errors from downstream operations:
      - .metadata[0].generate_name: was null, but now cty.StringVal("")
      - .spec[0].template[0].metadata[0].namespace: was null, but now cty.StringVal("")
      - .spec[0].template[0].metadata[0].generate_name: was null, but now cty.StringVal("")
      - .spec[0].template[0].spec[0].runtime_class_name: was null, but now cty.StringVal("")
      - .spec[0].template[0].spec[0].active_deadline_seconds: was null, but now cty.NumberIntVal(0)
      - .spec[0].template[0].spec[0].priority_class_name: was null, but now cty.StringVal("")
      - .spec[0].template[0].spec[0].subdomain: was null, but now cty.StringVal("")
      - .spec[0].template[0].spec[0].volume[0].host_path[0].type: was null, but now cty.StringVal("")
      - .spec[0].template[0].spec[0].volume[1].host_path[0].type: was null, but now cty.StringVal("")
      - .spec[0].template[0].spec[0].container[0].working_dir: was null, but now cty.StringVal("")
      - .spec[0].template[0].spec[0].container[0].volume_mount[0].sub_path: was null, but now cty.StringVal("")
      - .spec[0].template[0].spec[0].container[0].volume_mount[1].sub_path: was null, but now cty.StringVal("")
2025-02-06T08:14:50.836+0200 [WARN]  Provider "provider[\"registry.terraform.io/hashicorp/kubernetes\"]" produced an unexpected new value for module.meilisearch.kubernetes_deployment.reactory_meilisearch, but we are tolerating it because it is using the legacy plugin SDK.
    The following problems may be the cause of any confusing errors from downstream operations:
      - .metadata[0].generate_name: was null, but now cty.StringVal("")
      - .spec[0].template[0].metadata[0].namespace: was null, but now cty.StringVal("")
      - .spec[0].template[0].metadata[0].generate_name: was null, but now cty.StringVal("")
      - .spec[0].template[0].spec[0].active_deadline_seconds: was null, but now cty.NumberIntVal(0)
      - .spec[0].template[0].spec[0].priority_class_name: was null, but now cty.StringVal("")
      - .spec[0].template[0].spec[0].runtime_class_name: was null, but now cty.StringVal("")
      - .spec[0].template[0].spec[0].subdomain: was null, but now cty.StringVal("")
      - .spec[0].template[0].spec[0].container[0].working_dir: was null, but now cty.StringVal("")
      - .spec[0].template[0].spec[0].container[0].volume_mount[0].sub_path: was null, but now cty.StringVal("")
2025-02-06T08:17:30.987+0200 [WARN]  Provider "provider[\"registry.terraform.io/hashicorp/kubernetes\"]" produced an unexpected new value for module.postgres.kubernetes_deployment.reactory_postgres, but we are tolerating it because it is using the legacy plugin SDK.
    The following problems may be the cause of any confusing errors from downstream operations:
      - .metadata[0].generate_name: was null, but now cty.StringVal("")
      - .spec[0].template[0].metadata[0].generate_name: was null, but now cty.StringVal("")
      - .spec[0].template[0].metadata[0].namespace: was null, but now cty.StringVal("")
      - .spec[0].template[0].spec[0].priority_class_name: was null, but now cty.StringVal("")
      - .spec[0].template[0].spec[0].runtime_class_name: was null, but now cty.StringVal("")
      - .spec[0].template[0].spec[0].active_deadline_seconds: was null, but now cty.NumberIntVal(0)
      - .spec[0].template[0].spec[0].subdomain: was null, but now cty.StringVal("")
      - .spec[0].template[0].spec[0].container[0].working_dir: was null, but now cty.StringVal("")
      - .spec[0].template[0].spec[0].container[0].volume_mount[0].sub_path: was null, but now cty.StringVal("")
2025-02-06T08:17:41.812+0200 [ERROR] provider.terraform-provider-kubernetes_v2.35.1_x5: Response contains error diagnostic: diagnostic_severity=ERROR diagnostic_summary="Waiting for rollout to finish: 1 replicas wanted; 0 replicas Ready" tf_proto_version=5.7 tf_rpc=ApplyResourceChange @caller=github.com/hashicorp/terraform-plugin-go@v0.25.0/tfprotov5/internal/diag/diagnostics.go:58 @module=sdk.proto diagnostic_detail="" tf_provider_addr=registry.terraform.io/hashicorp/kubernetes tf_req_id=140fcae6-7cb1-cb67-e87c-92e7503d1ab0 tf_resource_type=kubernetes_deployment timestamp="2025-02-06T08:17:41.812+0200"
2025-02-06T08:17:41.826+0200 [ERROR] vertex "module.prometheus.kubernetes_deployment.reactory_prometheus" error: Waiting for rollout to finish: 1 replicas wanted; 0 replicas Ready
2025-02-06T08:17:42.038+0200 [ERROR] provider.terraform-provider-kubernetes_v2.35.1_x5: Response contains error diagnostic: diagnostic_severity=ERROR diagnostic_summary="Waiting for rollout to finish: 2 replicas wanted; 0 replicas Ready" tf_proto_version=5.7 tf_provider_addr=registry.terraform.io/hashicorp/kubernetes tf_req_id=9dc4c8a4-2fb3-e576-76b0-805be4566c06 tf_resource_type=kubernetes_deployment @caller=github.com/hashicorp/terraform-plugin-go@v0.25.0/tfprotov5/internal/diag/diagnostics.go:58 @module=sdk.proto diagnostic_detail="" tf_rpc=ApplyResourceChange timestamp="2025-02-06T08:17:42.038+0200"
2025-02-06T08:17:42.051+0200 [ERROR] vertex "module.pwa_client.kubernetes_deployment.reactory_pwa_client" error: Waiting for rollout to finish: 2 replicas wanted; 0 replicas Ready
2025-02-06T08:17:44.905+0200 [ERROR] provider.terraform-provider-kubernetes_v2.35.1_x5: Response contains error diagnostic: diagnostic_detail="" diagnostic_severity=ERROR diagnostic_summary="Waiting for rollout to finish: 1 replicas wanted; 0 replicas Ready" tf_proto_version=5.7 tf_req_id=3065e8b5-d5cf-40be-feb2-148295b1731e tf_resource_type=kubernetes_deployment @caller=github.com/hashicorp/terraform-plugin-go@v0.25.0/tfprotov5/internal/diag/diagnostics.go:58 tf_rpc=ApplyResourceChange tf_provider_addr=registry.terraform.io/hashicorp/kubernetes @module=sdk.proto timestamp="2025-02-06T08:17:44.904+0200"
2025-02-06T08:17:44.905+0200 [ERROR] provider.terraform-provider-kubernetes_v2.35.1_x5: Response contains error diagnostic: @caller=github.com/hashicorp/terraform-plugin-go@v0.25.0/tfprotov5/internal/diag/diagnostics.go:58 @module=sdk.proto diagnostic_severity=ERROR diagnostic_summary="Waiting for rollout to finish: 1 replicas wanted; 0 replicas Ready" tf_resource_type=kubernetes_deployment diagnostic_detail="" tf_proto_version=5.7 tf_provider_addr=registry.terraform.io/hashicorp/kubernetes tf_req_id=a0f03078-c6e3-c8c0-9122-bc5f349e8c76 tf_rpc=ApplyResourceChange timestamp="2025-02-06T08:17:44.905+0200"
2025-02-06T08:17:44.921+0200 [ERROR] vertex "module.mongodb.kubernetes_deployment.reactory_mongodb" error: Waiting for rollout to finish: 1 replicas wanted; 0 replicas Ready
2025-02-06T08:17:44.929+0200 [ERROR] vertex "module.redis.kubernetes_deployment.reactory_redis" error: Waiting for rollout to finish: 1 replicas wanted; 0 replicas Ready
2025-02-06T08:17:45.073+0200 [ERROR] provider.terraform-provider-kubernetes_v2.35.1_x5: Response contains error diagnostic: diagnostic_detail="" tf_rpc=ApplyResourceChange @caller=github.com/hashicorp/terraform-plugin-go@v0.25.0/tfprotov5/internal/diag/diagnostics.go:58 @module=sdk.proto diagnostic_severity=ERROR diagnostic_summary="Waiting for rollout to finish: 1 replicas wanted; 0 replicas Ready" tf_proto_version=5.7 tf_provider_addr=registry.terraform.io/hashicorp/kubernetes tf_req_id=a6130cdb-c84c-9a63-2279-27d80be00b59 tf_resource_type=kubernetes_deployment timestamp="2025-02-06T08:17:45.073+0200"
2025-02-06T08:17:45.089+0200 [ERROR] vertex "module.express_server.kubernetes_deployment.reactory_express_server" error: Waiting for rollout to finish: 1 replicas wanted; 0 replicas Ready
2025-02-06T08:17:45.105+0200 [INFO]  provider: plugin process exited: plugin=.terraform/providers/registry.terraform.io/hashicorp/kubernetes/2.35.1/darwin_arm64/terraform-provider-kubernetes_v2.35.1_x5 id=25415
