2025-02-09T03:41:48.877+0200 [INFO]  Terraform version: 1.10.3
2025-02-09T03:41:48.878+0200 [INFO]  Go runtime version: go1.23.3
2025-02-09T03:41:48.878+0200 [INFO]  CLI args: []string{"terraform", "-chdir=./config/reactory/terraform/minikube", "apply"}
2025-02-09T03:41:48.879+0200 [INFO]  CLI command args: []string{"apply"}
2025-02-09T03:41:48.921+0200 [INFO]  backend/local: starting Apply operation
2025-02-09T03:41:48.938+0200 [INFO]  provider: configuring client automatic mTLS
2025-02-09T03:41:48.983+0200 [INFO]  provider.terraform-provider-kubernetes_v2.35.1_x5: configuring server automatic mTLS: timestamp="2025-02-09T03:41:48.983+0200"
2025-02-09T03:41:49.041+0200 [INFO]  provider: plugin process exited: plugin=.terraform/providers/registry.terraform.io/hashicorp/kubernetes/2.35.1/darwin_arm64/terraform-provider-kubernetes_v2.35.1_x5 id=68827
2025-02-09T03:41:49.052+0200 [INFO]  provider: configuring client automatic mTLS
2025-02-09T03:41:49.081+0200 [INFO]  provider.terraform-provider-kubernetes_v2.35.1_x5: configuring server automatic mTLS: timestamp="2025-02-09T03:41:49.081+0200"
2025-02-09T03:41:49.108+0200 [INFO]  provider: plugin process exited: plugin=.terraform/providers/registry.terraform.io/hashicorp/kubernetes/2.35.1/darwin_arm64/terraform-provider-kubernetes_v2.35.1_x5 id=68828
2025-02-09T03:41:49.108+0200 [INFO]  backend/local: apply calling Plan
2025-02-09T03:41:49.114+0200 [INFO]  provider: configuring client automatic mTLS
2025-02-09T03:41:49.142+0200 [INFO]  provider.terraform-provider-kubernetes_v2.35.1_x5: configuring server automatic mTLS: timestamp="2025-02-09T03:41:49.142+0200"
2025-02-09T03:41:49.190+0200 [WARN]  Provider "registry.terraform.io/hashicorp/kubernetes" produced an unexpected new value for kubernetes_namespace.reactory during refresh.
      - .metadata[0].annotations: was null, but now cty.MapValEmpty(cty.String)
      - .metadata[0].labels: was null, but now cty.MapValEmpty(cty.String)
2025-02-09T03:41:49.191+0200 [WARN]  Provider "registry.terraform.io/hashicorp/kubernetes" produced an invalid plan for kubernetes_namespace.reactory, but we are tolerating it because it is using the legacy plugin SDK.
    The following problems may be the cause of any confusing errors from downstream operations:
      - .wait_for_default_service_account: planned value cty.False for a non-computed attribute
      - .metadata[0].annotations: planned value cty.MapValEmpty(cty.String) for a non-computed attribute
      - .metadata[0].generate_name: planned value cty.StringVal("") for a non-computed attribute
      - .metadata[0].labels: planned value cty.MapValEmpty(cty.String) for a non-computed attribute
2025-02-09T03:41:49.192+0200 [WARN]  Provider "registry.terraform.io/hashicorp/kubernetes" produced an unexpected new value for module.postgres.kubernetes_persistent_volume.postgres_data during refresh.
      - .metadata[0].annotations: was null, but now cty.MapValEmpty(cty.String)
      - .metadata[0].labels: was null, but now cty.MapValEmpty(cty.String)
      - .spec[0].mount_options: was null, but now cty.SetValEmpty(cty.String)
2025-02-09T03:41:49.192+0200 [WARN]  Provider "registry.terraform.io/hashicorp/kubernetes" produced an unexpected new value for module.redis.kubernetes_persistent_volume.redis_data during refresh.
      - .spec[0].mount_options: was null, but now cty.SetValEmpty(cty.String)
      - .metadata[0].annotations: was null, but now cty.MapValEmpty(cty.String)
      - .metadata[0].labels: was null, but now cty.MapValEmpty(cty.String)
2025-02-09T03:41:49.192+0200 [WARN]  Provider "registry.terraform.io/hashicorp/kubernetes" produced an unexpected new value for module.pwa_client.kubernetes_service.reactory_nginx during refresh.
      - .metadata[0].labels: was null, but now cty.MapValEmpty(cty.String)
      - .metadata[0].annotations: was null, but now cty.MapValEmpty(cty.String)
      - .spec[0].load_balancer_source_ranges: was null, but now cty.SetValEmpty(cty.String)
      - .spec[0].external_ips: was null, but now cty.SetValEmpty(cty.String)
2025-02-09T03:41:49.192+0200 [WARN]  Provider "registry.terraform.io/hashicorp/kubernetes" produced an unexpected new value for module.mongodb.kubernetes_persistent_volume.mongodb_data during refresh.
      - .spec[0].mount_options: was null, but now cty.SetValEmpty(cty.String)
      - .metadata[0].annotations: was null, but now cty.MapValEmpty(cty.String)
      - .metadata[0].labels: was null, but now cty.MapValEmpty(cty.String)
2025-02-09T03:41:49.192+0200 [WARN]  Provider "registry.terraform.io/hashicorp/kubernetes" produced an unexpected new value for module.express_server.kubernetes_persistent_volume.reactory_data during refresh.
      - .spec[0].mount_options: was null, but now cty.SetValEmpty(cty.String)
      - .metadata[0].annotations: was null, but now cty.MapValEmpty(cty.String)
      - .metadata[0].labels: was null, but now cty.MapValEmpty(cty.String)
2025-02-09T03:41:49.193+0200 [WARN]  Provider "registry.terraform.io/hashicorp/kubernetes" produced an unexpected new value for module.meilisearch.kubernetes_persistent_volume.meilisearch_data during refresh.
      - .metadata[0].annotations: was null, but now cty.MapValEmpty(cty.String)
      - .metadata[0].labels: was null, but now cty.MapValEmpty(cty.String)
      - .spec[0].mount_options: was null, but now cty.SetValEmpty(cty.String)
2025-02-09T03:41:49.200+0200 [WARN]  Provider "registry.terraform.io/hashicorp/kubernetes" produced an invalid plan for module.postgres.kubernetes_persistent_volume.postgres_data, but we are tolerating it because it is using the legacy plugin SDK.
    The following problems may be the cause of any confusing errors from downstream operations:
      - .metadata[0].labels: planned value cty.MapValEmpty(cty.String) for a non-computed attribute
      - .metadata[0].annotations: planned value cty.MapValEmpty(cty.String) for a non-computed attribute
      - .spec[0].mount_options: planned value cty.SetValEmpty(cty.String) for a non-computed attribute
      - .spec[0].persistent_volume_reclaim_policy: planned value cty.StringVal("Retain") for a non-computed attribute
      - .spec[0].storage_class_name: planned value cty.StringVal("") for a non-computed attribute
      - .spec[0].volume_mode: planned value cty.StringVal("Filesystem") for a non-computed attribute
      - .spec[0].persistent_volume_source[0].host_path[0].type: planned value cty.StringVal("") for a non-computed attribute
2025-02-09T03:41:49.200+0200 [WARN]  Provider "registry.terraform.io/hashicorp/kubernetes" produced an invalid plan for module.redis.kubernetes_persistent_volume.redis_data, but we are tolerating it because it is using the legacy plugin SDK.
    The following problems may be the cause of any confusing errors from downstream operations:
      - .metadata[0].labels: planned value cty.MapValEmpty(cty.String) for a non-computed attribute
      - .metadata[0].annotations: planned value cty.MapValEmpty(cty.String) for a non-computed attribute
      - .spec[0].mount_options: planned value cty.SetValEmpty(cty.String) for a non-computed attribute
      - .spec[0].persistent_volume_reclaim_policy: planned value cty.StringVal("Retain") for a non-computed attribute
      - .spec[0].storage_class_name: planned value cty.StringVal("") for a non-computed attribute
      - .spec[0].volume_mode: planned value cty.StringVal("Filesystem") for a non-computed attribute
      - .spec[0].persistent_volume_source[0].host_path[0].type: planned value cty.StringVal("") for a non-computed attribute
2025-02-09T03:41:49.201+0200 [WARN]  Provider "registry.terraform.io/hashicorp/kubernetes" produced an invalid plan for module.mongodb.kubernetes_persistent_volume.mongodb_data, but we are tolerating it because it is using the legacy plugin SDK.
    The following problems may be the cause of any confusing errors from downstream operations:
      - .metadata[0].labels: planned value cty.MapValEmpty(cty.String) for a non-computed attribute
      - .metadata[0].annotations: planned value cty.MapValEmpty(cty.String) for a non-computed attribute
      - .spec[0].mount_options: planned value cty.SetValEmpty(cty.String) for a non-computed attribute
      - .spec[0].persistent_volume_reclaim_policy: planned value cty.StringVal("Retain") for a non-computed attribute
      - .spec[0].storage_class_name: planned value cty.StringVal("") for a non-computed attribute
      - .spec[0].volume_mode: planned value cty.StringVal("Filesystem") for a non-computed attribute
      - .spec[0].persistent_volume_source[0].host_path[0].type: planned value cty.StringVal("") for a non-computed attribute
2025-02-09T03:41:49.203+0200 [WARN]  Provider "registry.terraform.io/hashicorp/kubernetes" produced an invalid plan for module.meilisearch.kubernetes_persistent_volume.meilisearch_data, but we are tolerating it because it is using the legacy plugin SDK.
    The following problems may be the cause of any confusing errors from downstream operations:
      - .metadata[0].annotations: planned value cty.MapValEmpty(cty.String) for a non-computed attribute
      - .metadata[0].labels: planned value cty.MapValEmpty(cty.String) for a non-computed attribute
      - .spec[0].mount_options: planned value cty.SetValEmpty(cty.String) for a non-computed attribute
      - .spec[0].persistent_volume_reclaim_policy: planned value cty.StringVal("Retain") for a non-computed attribute
      - .spec[0].storage_class_name: planned value cty.StringVal("") for a non-computed attribute
      - .spec[0].volume_mode: planned value cty.StringVal("Filesystem") for a non-computed attribute
      - .spec[0].persistent_volume_source[0].host_path[0].type: planned value cty.StringVal("") for a non-computed attribute
2025-02-09T03:41:49.204+0200 [WARN]  Provider "registry.terraform.io/hashicorp/kubernetes" produced an invalid plan for module.express_server.kubernetes_persistent_volume.reactory_data, but we are tolerating it because it is using the legacy plugin SDK.
    The following problems may be the cause of any confusing errors from downstream operations:
      - .metadata[0].annotations: planned value cty.MapValEmpty(cty.String) for a non-computed attribute
      - .metadata[0].labels: planned value cty.MapValEmpty(cty.String) for a non-computed attribute
      - .spec[0].storage_class_name: planned value cty.StringVal("") for a non-computed attribute
      - .spec[0].volume_mode: planned value cty.StringVal("Filesystem") for a non-computed attribute
      - .spec[0].mount_options: planned value cty.SetValEmpty(cty.String) for a non-computed attribute
      - .spec[0].persistent_volume_reclaim_policy: planned value cty.StringVal("Retain") for a non-computed attribute
      - .spec[0].persistent_volume_source[0].host_path[0].type: planned value cty.StringVal("") for a non-computed attribute
2025-02-09T03:41:49.204+0200 [WARN]  Provider "registry.terraform.io/hashicorp/kubernetes" produced an unexpected new value for module.redis.kubernetes_persistent_volume_claim.redis_data during refresh.
      - .metadata[0].labels: was null, but now cty.MapValEmpty(cty.String)
      - .metadata[0].annotations: was null, but now cty.MapValEmpty(cty.String)
      - .spec[0].resources[0].limits: was null, but now cty.MapValEmpty(cty.String)
2025-02-09T03:41:49.204+0200 [WARN]  Provider "registry.terraform.io/hashicorp/kubernetes" produced an unexpected new value for module.mongodb.kubernetes_persistent_volume_claim.mongodb_data during refresh.
      - .metadata[0].labels: was null, but now cty.MapValEmpty(cty.String)
      - .metadata[0].annotations: was null, but now cty.MapValEmpty(cty.String)
      - .spec[0].resources[0].limits: was null, but now cty.MapValEmpty(cty.String)
2025-02-09T03:41:49.206+0200 [WARN]  Provider "registry.terraform.io/hashicorp/kubernetes" produced an invalid plan for module.redis.kubernetes_persistent_volume_claim.redis_data, but we are tolerating it because it is using the legacy plugin SDK.
    The following problems may be the cause of any confusing errors from downstream operations:
      - .wait_until_bound: planned value cty.True for a non-computed attribute
      - .metadata[0].annotations: planned value cty.MapValEmpty(cty.String) for a non-computed attribute
      - .metadata[0].generate_name: planned value cty.StringVal("") for a non-computed attribute
      - .metadata[0].labels: planned value cty.MapValEmpty(cty.String) for a non-computed attribute
      - .spec[0].resources[0].limits: planned value cty.MapValEmpty(cty.String) for a non-computed attribute
2025-02-09T03:41:49.206+0200 [WARN]  Provider "registry.terraform.io/hashicorp/kubernetes" produced an invalid plan for module.mongodb.kubernetes_persistent_volume_claim.mongodb_data, but we are tolerating it because it is using the legacy plugin SDK.
    The following problems may be the cause of any confusing errors from downstream operations:
      - .wait_until_bound: planned value cty.True for a non-computed attribute
      - .metadata[0].annotations: planned value cty.MapValEmpty(cty.String) for a non-computed attribute
      - .metadata[0].generate_name: planned value cty.StringVal("") for a non-computed attribute
      - .metadata[0].labels: planned value cty.MapValEmpty(cty.String) for a non-computed attribute
      - .spec[0].resources[0].limits: planned value cty.MapValEmpty(cty.String) for a non-computed attribute
2025-02-09T03:41:49.206+0200 [WARN]  Provider "registry.terraform.io/hashicorp/kubernetes" produced an unexpected new value for module.jaeger.kubernetes_service.reactory_jaeger during refresh.
      - .metadata[0].annotations: was null, but now cty.MapValEmpty(cty.String)
      - .metadata[0].labels: was null, but now cty.MapValEmpty(cty.String)
      - .spec[0].external_ips: was null, but now cty.SetValEmpty(cty.String)
      - .spec[0].load_balancer_source_ranges: was null, but now cty.SetValEmpty(cty.String)
2025-02-09T03:41:49.210+0200 [WARN]  Provider "registry.terraform.io/hashicorp/kubernetes" produced an unexpected new value for module.meilisearch.kubernetes_persistent_volume_claim.meilisearch_data during refresh.
      - .metadata[0].annotations: was null, but now cty.MapValEmpty(cty.String)
      - .metadata[0].labels: was null, but now cty.MapValEmpty(cty.String)
      - .spec[0].resources[0].limits: was null, but now cty.MapValEmpty(cty.String)
2025-02-09T03:41:49.210+0200 [WARN]  Provider "registry.terraform.io/hashicorp/kubernetes" produced an unexpected new value for module.postgres.kubernetes_persistent_volume_claim.postgres_data during refresh.
      - .metadata[0].labels: was null, but now cty.MapValEmpty(cty.String)
      - .metadata[0].annotations: was null, but now cty.MapValEmpty(cty.String)
      - .spec[0].resources[0].limits: was null, but now cty.MapValEmpty(cty.String)
2025-02-09T03:41:49.210+0200 [WARN]  Provider "registry.terraform.io/hashicorp/kubernetes" produced an unexpected new value for module.express_server.kubernetes_persistent_volume_claim.reactory_data during refresh.
      - .metadata[0].annotations: was null, but now cty.MapValEmpty(cty.String)
      - .metadata[0].labels: was null, but now cty.MapValEmpty(cty.String)
      - .spec[0].resources[0].limits: was null, but now cty.MapValEmpty(cty.String)
2025-02-09T03:41:49.211+0200 [WARN]  Provider "registry.terraform.io/hashicorp/kubernetes" produced an invalid plan for module.jaeger.kubernetes_service.reactory_jaeger, but we are tolerating it because it is using the legacy plugin SDK.
    The following problems may be the cause of any confusing errors from downstream operations:
      - .wait_for_load_balancer: planned value cty.True for a non-computed attribute
      - .spec[0].load_balancer_ip: planned value cty.StringVal("") for a non-computed attribute
      - .spec[0].session_affinity: planned value cty.StringVal("None") for a non-computed attribute
      - .spec[0].load_balancer_class: planned value cty.StringVal("") for a non-computed attribute
      - .spec[0].external_name: planned value cty.StringVal("") for a non-computed attribute
      - .spec[0].publish_not_ready_addresses: planned value cty.False for a non-computed attribute
      - .spec[0].allocate_load_balancer_node_ports: planned value cty.True for a non-computed attribute
      - .spec[0].external_ips: planned value cty.SetValEmpty(cty.String) for a non-computed attribute
      - .spec[0].load_balancer_source_ranges: planned value cty.SetValEmpty(cty.String) for a non-computed attribute
      - .spec[0].port[0].app_protocol: planned value cty.StringVal("") for a non-computed attribute
      - .spec[0].port[0].protocol: planned value cty.StringVal("TCP") for a non-computed attribute
      - .spec[0].port[1].app_protocol: planned value cty.StringVal("") for a non-computed attribute
      - .spec[0].port[1].protocol: planned value cty.StringVal("TCP") for a non-computed attribute
      - .metadata[0].labels: planned value cty.MapValEmpty(cty.String) for a non-computed attribute
      - .metadata[0].annotations: planned value cty.MapValEmpty(cty.String) for a non-computed attribute
      - .metadata[0].generate_name: planned value cty.StringVal("") for a non-computed attribute
2025-02-09T03:41:49.212+0200 [WARN]  Provider "registry.terraform.io/hashicorp/kubernetes" produced an unexpected new value for module.prometheus.kubernetes_service.reactory_prometheus during refresh.
      - .metadata[0].annotations: was null, but now cty.MapValEmpty(cty.String)
      - .metadata[0].labels: was null, but now cty.MapValEmpty(cty.String)
      - .spec[0].load_balancer_source_ranges: was null, but now cty.SetValEmpty(cty.String)
      - .spec[0].external_ips: was null, but now cty.SetValEmpty(cty.String)
2025-02-09T03:41:49.213+0200 [WARN]  Provider "registry.terraform.io/hashicorp/kubernetes" produced an invalid plan for module.postgres.kubernetes_persistent_volume_claim.postgres_data, but we are tolerating it because it is using the legacy plugin SDK.
    The following problems may be the cause of any confusing errors from downstream operations:
      - .wait_until_bound: planned value cty.True for a non-computed attribute
      - .metadata[0].annotations: planned value cty.MapValEmpty(cty.String) for a non-computed attribute
      - .metadata[0].generate_name: planned value cty.StringVal("") for a non-computed attribute
      - .metadata[0].labels: planned value cty.MapValEmpty(cty.String) for a non-computed attribute
      - .spec[0].resources[0].limits: planned value cty.MapValEmpty(cty.String) for a non-computed attribute
2025-02-09T03:41:49.213+0200 [WARN]  Provider "registry.terraform.io/hashicorp/kubernetes" produced an invalid plan for module.meilisearch.kubernetes_persistent_volume_claim.meilisearch_data, but we are tolerating it because it is using the legacy plugin SDK.
    The following problems may be the cause of any confusing errors from downstream operations:
      - .wait_until_bound: planned value cty.True for a non-computed attribute
      - .metadata[0].annotations: planned value cty.MapValEmpty(cty.String) for a non-computed attribute
      - .metadata[0].generate_name: planned value cty.StringVal("") for a non-computed attribute
      - .metadata[0].labels: planned value cty.MapValEmpty(cty.String) for a non-computed attribute
      - .spec[0].resources[0].limits: planned value cty.MapValEmpty(cty.String) for a non-computed attribute
2025-02-09T03:41:49.213+0200 [WARN]  Provider "registry.terraform.io/hashicorp/kubernetes" produced an unexpected new value for module.express_server.kubernetes_service.reactory_express_server during refresh.
      - .metadata[0].annotations: was null, but now cty.MapValEmpty(cty.String)
      - .metadata[0].labels: was null, but now cty.MapValEmpty(cty.String)
      - .spec[0].load_balancer_source_ranges: was null, but now cty.SetValEmpty(cty.String)
      - .spec[0].external_ips: was null, but now cty.SetValEmpty(cty.String)
2025-02-09T03:41:49.213+0200 [WARN]  Provider "registry.terraform.io/hashicorp/kubernetes" produced an invalid plan for module.express_server.kubernetes_persistent_volume_claim.reactory_data, but we are tolerating it because it is using the legacy plugin SDK.
    The following problems may be the cause of any confusing errors from downstream operations:
      - .wait_until_bound: planned value cty.True for a non-computed attribute
      - .metadata[0].annotations: planned value cty.MapValEmpty(cty.String) for a non-computed attribute
      - .metadata[0].generate_name: planned value cty.StringVal("") for a non-computed attribute
      - .metadata[0].labels: planned value cty.MapValEmpty(cty.String) for a non-computed attribute
      - .spec[0].resources[0].limits: planned value cty.MapValEmpty(cty.String) for a non-computed attribute
2025-02-09T03:41:49.214+0200 [WARN]  Provider "registry.terraform.io/hashicorp/kubernetes" produced an invalid plan for module.prometheus.kubernetes_service.reactory_prometheus, but we are tolerating it because it is using the legacy plugin SDK.
    The following problems may be the cause of any confusing errors from downstream operations:
      - .wait_for_load_balancer: planned value cty.True for a non-computed attribute
      - .metadata[0].generate_name: planned value cty.StringVal("") for a non-computed attribute
      - .metadata[0].labels: planned value cty.MapValEmpty(cty.String) for a non-computed attribute
      - .metadata[0].annotations: planned value cty.MapValEmpty(cty.String) for a non-computed attribute
      - .spec[0].load_balancer_source_ranges: planned value cty.SetValEmpty(cty.String) for a non-computed attribute
      - .spec[0].load_balancer_class: planned value cty.StringVal("") for a non-computed attribute
      - .spec[0].load_balancer_ip: planned value cty.StringVal("") for a non-computed attribute
      - .spec[0].session_affinity: planned value cty.StringVal("None") for a non-computed attribute
      - .spec[0].external_ips: planned value cty.SetValEmpty(cty.String) for a non-computed attribute
      - .spec[0].external_name: planned value cty.StringVal("") for a non-computed attribute
      - .spec[0].publish_not_ready_addresses: planned value cty.False for a non-computed attribute
      - .spec[0].allocate_load_balancer_node_ports: planned value cty.True for a non-computed attribute
      - .spec[0].port[0].protocol: planned value cty.StringVal("TCP") for a non-computed attribute
      - .spec[0].port[0].app_protocol: planned value cty.StringVal("") for a non-computed attribute
      - .spec[0].port[0].name: planned value cty.StringVal("") for a non-computed attribute
2025-02-09T03:41:49.219+0200 [WARN]  Provider "registry.terraform.io/hashicorp/kubernetes" produced an invalid plan for module.express_server.kubernetes_service.reactory_express_server, but we are tolerating it because it is using the legacy plugin SDK.
    The following problems may be the cause of any confusing errors from downstream operations:
      - .wait_for_load_balancer: planned value cty.True for a non-computed attribute
      - .metadata[0].generate_name: planned value cty.StringVal("") for a non-computed attribute
      - .metadata[0].labels: planned value cty.MapValEmpty(cty.String) for a non-computed attribute
      - .metadata[0].annotations: planned value cty.MapValEmpty(cty.String) for a non-computed attribute
      - .spec[0].external_ips: planned value cty.SetValEmpty(cty.String) for a non-computed attribute
      - .spec[0].external_name: planned value cty.StringVal("") for a non-computed attribute
      - .spec[0].publish_not_ready_addresses: planned value cty.False for a non-computed attribute
      - .spec[0].allocate_load_balancer_node_ports: planned value cty.True for a non-computed attribute
      - .spec[0].load_balancer_source_ranges: planned value cty.SetValEmpty(cty.String) for a non-computed attribute
      - .spec[0].load_balancer_class: planned value cty.StringVal("") for a non-computed attribute
      - .spec[0].load_balancer_ip: planned value cty.StringVal("") for a non-computed attribute
      - .spec[0].session_affinity: planned value cty.StringVal("None") for a non-computed attribute
      - .spec[0].port[0].name: planned value cty.StringVal("") for a non-computed attribute
      - .spec[0].port[0].protocol: planned value cty.StringVal("TCP") for a non-computed attribute
      - .spec[0].port[0].app_protocol: planned value cty.StringVal("") for a non-computed attribute
2025-02-09T03:41:49.220+0200 [WARN]  Provider "registry.terraform.io/hashicorp/kubernetes" produced an unexpected new value for module.jaeger.kubernetes_deployment.reactory_jaeger during refresh.
      - .metadata[0].labels: was null, but now cty.MapValEmpty(cty.String)
      - .metadata[0].resource_version: was cty.StringVal("1090"), but now cty.StringVal("2216")
      - .metadata[0].annotations: was null, but now cty.MapValEmpty(cty.String)
      - .spec[0].template[0].metadata[0].annotations: was null, but now cty.MapValEmpty(cty.String)
      - .spec[0].template[0].spec[0].node_selector: was null, but now cty.MapValEmpty(cty.String)
      - .spec[0].template[0].spec[0].container[0].args: was null, but now cty.ListValEmpty(cty.String)
      - .spec[0].template[0].spec[0].container[0].command: was null, but now cty.ListValEmpty(cty.String)
2025-02-09T03:41:49.221+0200 [WARN]  Provider "registry.terraform.io/hashicorp/kubernetes" produced an unexpected new value for module.grafana.kubernetes_deployment.reactory_grafana during refresh.
      - .metadata[0].annotations: was null, but now cty.MapValEmpty(cty.String)
      - .metadata[0].generation: was cty.NumberIntVal(0), but now cty.NumberIntVal(1)
      - .metadata[0].labels: was null, but now cty.MapValEmpty(cty.String)
      - .metadata[0].resource_version: was cty.StringVal(""), but now cty.StringVal("2219")
      - .metadata[0].uid: was cty.StringVal(""), but now cty.StringVal("b55eedbc-4d86-4e73-8fcb-100f16882300")
      - .spec[0].strategy: block count changed from 0 to 1
      - .spec[0].template[0].spec[0].node_selector: was null, but now cty.MapValEmpty(cty.String)
      - .spec[0].template[0].spec[0].scheduler_name: was cty.StringVal(""), but now cty.StringVal("default-scheduler")
      - .spec[0].template[0].spec[0].container[0].image_pull_policy: was cty.StringVal(""), but now cty.StringVal("Always")
      - .spec[0].template[0].spec[0].container[0].termination_message_policy: was cty.StringVal(""), but now cty.StringVal("File")
      - .spec[0].template[0].spec[0].container[0].args: was null, but now cty.ListValEmpty(cty.String)
      - .spec[0].template[0].spec[0].container[0].command: was null, but now cty.ListValEmpty(cty.String)
      - .spec[0].template[0].spec[0].container[0].resources: block count changed from 0 to 1
      - .spec[0].template[0].metadata[0].annotations: was null, but now cty.MapValEmpty(cty.String)
2025-02-09T03:41:49.222+0200 [WARN]  Provider "registry.terraform.io/hashicorp/kubernetes" produced an unexpected new value for module.grafana.kubernetes_service.reactory_grafana during refresh.
      - .metadata[0].annotations: was null, but now cty.MapValEmpty(cty.String)
      - .metadata[0].labels: was null, but now cty.MapValEmpty(cty.String)
      - .spec[0].external_ips: was null, but now cty.SetValEmpty(cty.String)
      - .spec[0].load_balancer_source_ranges: was null, but now cty.SetValEmpty(cty.String)
2025-02-09T03:41:49.227+0200 [WARN]  Provider "registry.terraform.io/hashicorp/kubernetes" produced an unexpected new value for module.prometheus.kubernetes_deployment.reactory_prometheus during refresh.
      - .metadata[0].labels: was null, but now cty.MapValEmpty(cty.String)
      - .metadata[0].resource_version: was cty.StringVal(""), but now cty.StringVal("1493")
      - .metadata[0].uid: was cty.StringVal(""), but now cty.StringVal("d7ecbf2b-5bc4-4b6a-b8b7-19ec2fa40ca9")
      - .metadata[0].annotations: was null, but now cty.MapValEmpty(cty.String)
      - .metadata[0].generation: was cty.NumberIntVal(0), but now cty.NumberIntVal(1)
      - .spec[0].strategy: block count changed from 0 to 1
      - .spec[0].template[0].metadata[0].annotations: was null, but now cty.MapValEmpty(cty.String)
      - .spec[0].template[0].spec[0].node_selector: was null, but now cty.MapValEmpty(cty.String)
      - .spec[0].template[0].spec[0].scheduler_name: was cty.StringVal(""), but now cty.StringVal("default-scheduler")
      - .spec[0].template[0].spec[0].container[0].termination_message_policy: was cty.StringVal(""), but now cty.StringVal("File")
      - .spec[0].template[0].spec[0].container[0].args: was null, but now cty.ListValEmpty(cty.String)
      - .spec[0].template[0].spec[0].container[0].command: was null, but now cty.ListValEmpty(cty.String)
      - .spec[0].template[0].spec[0].container[0].image_pull_policy: was cty.StringVal(""), but now cty.StringVal("Always")
      - .spec[0].template[0].spec[0].container[0].resources: block count changed from 0 to 1
2025-02-09T03:41:49.228+0200 [WARN]  Provider "registry.terraform.io/hashicorp/kubernetes" produced an invalid plan for module.grafana.kubernetes_service.reactory_grafana, but we are tolerating it because it is using the legacy plugin SDK.
    The following problems may be the cause of any confusing errors from downstream operations:
      - .wait_for_load_balancer: planned value cty.True for a non-computed attribute
      - .spec[0].load_balancer_source_ranges: planned value cty.SetValEmpty(cty.String) for a non-computed attribute
      - .spec[0].load_balancer_class: planned value cty.StringVal("") for a non-computed attribute
      - .spec[0].load_balancer_ip: planned value cty.StringVal("") for a non-computed attribute
      - .spec[0].session_affinity: planned value cty.StringVal("None") for a non-computed attribute
      - .spec[0].allocate_load_balancer_node_ports: planned value cty.True for a non-computed attribute
      - .spec[0].external_ips: planned value cty.SetValEmpty(cty.String) for a non-computed attribute
      - .spec[0].external_name: planned value cty.StringVal("") for a non-computed attribute
      - .spec[0].publish_not_ready_addresses: planned value cty.False for a non-computed attribute
      - .spec[0].port[0].app_protocol: planned value cty.StringVal("") for a non-computed attribute
      - .spec[0].port[0].name: planned value cty.StringVal("") for a non-computed attribute
      - .spec[0].port[0].protocol: planned value cty.StringVal("TCP") for a non-computed attribute
      - .metadata[0].annotations: planned value cty.MapValEmpty(cty.String) for a non-computed attribute
      - .metadata[0].generate_name: planned value cty.StringVal("") for a non-computed attribute
      - .metadata[0].labels: planned value cty.MapValEmpty(cty.String) for a non-computed attribute
2025-02-09T03:41:49.230+0200 [WARN]  Provider "registry.terraform.io/hashicorp/kubernetes" produced an unexpected new value for module.pwa_client.kubernetes_deployment.reactory_pwa_client during refresh.
      - .metadata[0].resource_version: was cty.StringVal(""), but now cty.StringVal("1242")
      - .metadata[0].uid: was cty.StringVal(""), but now cty.StringVal("a97a4d40-ecdd-4ab5-8910-bca92c5d8823")
      - .metadata[0].annotations: was null, but now cty.MapValEmpty(cty.String)
      - .metadata[0].generation: was cty.NumberIntVal(0), but now cty.NumberIntVal(1)
      - .metadata[0].labels: was null, but now cty.MapValEmpty(cty.String)
      - .spec[0].strategy: block count changed from 0 to 1
      - .spec[0].template[0].metadata[0].annotations: was null, but now cty.MapValEmpty(cty.String)
      - .spec[0].template[0].spec[0].node_selector: was null, but now cty.MapValEmpty(cty.String)
      - .spec[0].template[0].spec[0].scheduler_name: was cty.StringVal(""), but now cty.StringVal("default-scheduler")
      - .spec[0].template[0].spec[0].container[0].termination_message_policy: was cty.StringVal(""), but now cty.StringVal("File")
      - .spec[0].template[0].spec[0].container[0].args: was null, but now cty.ListValEmpty(cty.String)
      - .spec[0].template[0].spec[0].container[0].command: was null, but now cty.ListValEmpty(cty.String)
      - .spec[0].template[0].spec[0].container[0].image_pull_policy: was cty.StringVal(""), but now cty.StringVal("IfNotPresent")
      - .spec[0].template[0].spec[0].container[0].resources: block count changed from 0 to 1
2025-02-09T03:41:49.236+0200 [WARN]  Provider "registry.terraform.io/hashicorp/kubernetes" produced an invalid plan for module.jaeger.kubernetes_deployment.reactory_jaeger, but we are tolerating it because it is using the legacy plugin SDK.
    The following problems may be the cause of any confusing errors from downstream operations:
      - .wait_for_rollout: planned value cty.True for a non-computed attribute
      - .metadata[0].annotations: planned value cty.MapValEmpty(cty.String) for a non-computed attribute
      - .metadata[0].generate_name: planned value cty.StringVal("") for a non-computed attribute
      - .metadata[0].labels: planned value cty.MapValEmpty(cty.String) for a non-computed attribute
      - .spec[0].paused: planned value cty.False for a non-computed attribute
      - .spec[0].progress_deadline_seconds: planned value cty.NumberIntVal(600) for a non-computed attribute
      - .spec[0].revision_history_limit: planned value cty.NumberIntVal(10) for a non-computed attribute
      - .spec[0].min_ready_seconds: planned value cty.NumberIntVal(0) for a non-computed attribute
      - .spec[0].strategy: block count in plan (1) disagrees with count in config (0)
      - .spec[0].template[0].metadata[0].annotations: planned value cty.MapValEmpty(cty.String) for a non-computed attribute
      - .spec[0].template[0].metadata[0].generate_name: planned value cty.StringVal("") for a non-computed attribute
      - .spec[0].template[0].metadata[0].namespace: planned value cty.StringVal("") for a non-computed attribute
      - .spec[0].template[0].spec[0].host_network: planned value cty.False for a non-computed attribute
      - .spec[0].template[0].spec[0].priority_class_name: planned value cty.StringVal("") for a non-computed attribute
      - .spec[0].template[0].spec[0].automount_service_account_token: planned value cty.True for a non-computed attribute
      - .spec[0].template[0].spec[0].host_pid: planned value cty.False for a non-computed attribute
      - .spec[0].template[0].spec[0].runtime_class_name: planned value cty.StringVal("") for a non-computed attribute
      - .spec[0].template[0].spec[0].share_process_namespace: planned value cty.False for a non-computed attribute
      - .spec[0].template[0].spec[0].termination_grace_period_seconds: planned value cty.NumberIntVal(30) for a non-computed attribute
      - .spec[0].template[0].spec[0].dns_policy: planned value cty.StringVal("ClusterFirst") for a non-computed attribute
      - .spec[0].template[0].spec[0].node_selector: planned value cty.MapValEmpty(cty.String) for a non-computed attribute
      - .spec[0].template[0].spec[0].subdomain: planned value cty.StringVal("") for a non-computed attribute
      - .spec[0].template[0].spec[0].active_deadline_seconds: planned value cty.NumberIntVal(0) for a non-computed attribute
      - .spec[0].template[0].spec[0].enable_service_links: planned value cty.True for a non-computed attribute
      - .spec[0].template[0].spec[0].host_ipc: planned value cty.False for a non-computed attribute
      - .spec[0].template[0].spec[0].restart_policy: planned value cty.StringVal("Always") for a non-computed attribute
      - .spec[0].template[0].spec[0].container[0].stdin_once: planned value cty.False for a non-computed attribute
      - .spec[0].template[0].spec[0].container[0].termination_message_path: planned value cty.StringVal("/dev/termination-log") for a non-computed attribute
      - .spec[0].template[0].spec[0].container[0].args: planned value cty.ListValEmpty(cty.String) for a non-computed attribute
      - .spec[0].template[0].spec[0].container[0].command: planned value cty.ListValEmpty(cty.String) for a non-computed attribute
      - .spec[0].template[0].spec[0].container[0].working_dir: planned value cty.StringVal("") for a non-computed attribute
      - .spec[0].template[0].spec[0].container[0].stdin: planned value cty.False for a non-computed attribute
      - .spec[0].template[0].spec[0].container[0].tty: planned value cty.False for a non-computed attribute
      - .spec[0].template[0].spec[0].container[0].port[0].host_ip: planned value cty.StringVal("") for a non-computed attribute
      - .spec[0].template[0].spec[0].container[0].port[0].host_port: planned value cty.NumberIntVal(0) for a non-computed attribute
      - .spec[0].template[0].spec[0].container[0].port[0].name: planned value cty.StringVal("") for a non-computed attribute
      - .spec[0].template[0].spec[0].container[0].port[0].protocol: planned value cty.StringVal("TCP") for a non-computed attribute
      - .spec[0].template[0].spec[0].container[0].port[1].host_ip: planned value cty.StringVal("") for a non-computed attribute
      - .spec[0].template[0].spec[0].container[0].port[1].host_port: planned value cty.NumberIntVal(0) for a non-computed attribute
      - .spec[0].template[0].spec[0].container[0].port[1].name: planned value cty.StringVal("") for a non-computed attribute
      - .spec[0].template[0].spec[0].container[0].port[1].protocol: planned value cty.StringVal("TCP") for a non-computed attribute
      - .spec[0].template[0].spec[0].container[0].resources: block count in plan (1) disagrees with count in config (0)
2025-02-09T03:41:49.243+0200 [WARN]  Provider "registry.terraform.io/hashicorp/kubernetes" produced an unexpected new value for module.postgres.kubernetes_deployment.reactory_postgres during refresh.
      - .spec[0].strategy: block count changed from 0 to 1
      - .spec[0].template[0].metadata[0].annotations: was null, but now cty.MapValEmpty(cty.String)
      - .spec[0].template[0].spec[0].node_selector: was null, but now cty.MapValEmpty(cty.String)
      - .spec[0].template[0].spec[0].scheduler_name: was cty.StringVal(""), but now cty.StringVal("default-scheduler")
      - .spec[0].template[0].spec[0].container[0].termination_message_policy: was cty.StringVal(""), but now cty.StringVal("File")
      - .spec[0].template[0].spec[0].container[0].args: was null, but now cty.ListValEmpty(cty.String)
      - .spec[0].template[0].spec[0].container[0].command: was null, but now cty.ListValEmpty(cty.String)
      - .spec[0].template[0].spec[0].container[0].image_pull_policy: was cty.StringVal(""), but now cty.StringVal("Always")
      - .spec[0].template[0].spec[0].container[0].resources: block count changed from 0 to 1
      - .metadata[0].labels: was null, but now cty.MapValEmpty(cty.String)
      - .metadata[0].resource_version: was cty.StringVal(""), but now cty.StringVal("2221")
      - .metadata[0].uid: was cty.StringVal(""), but now cty.StringVal("f71e8c20-9481-4630-99cc-49d13988bd28")
      - .metadata[0].annotations: was null, but now cty.MapValEmpty(cty.String)
      - .metadata[0].generation: was cty.NumberIntVal(0), but now cty.NumberIntVal(1)
2025-02-09T03:41:49.244+0200 [WARN]  Provider "registry.terraform.io/hashicorp/kubernetes" produced an unexpected new value for module.meilisearch.kubernetes_deployment.reactory_meilisearch during refresh.
      - .metadata[0].resource_version: was cty.StringVal("1176"), but now cty.StringVal("2217")
      - .metadata[0].annotations: was null, but now cty.MapValEmpty(cty.String)
      - .metadata[0].labels: was null, but now cty.MapValEmpty(cty.String)
      - .spec[0].template[0].metadata[0].annotations: was null, but now cty.MapValEmpty(cty.String)
      - .spec[0].template[0].spec[0].node_selector: was null, but now cty.MapValEmpty(cty.String)
      - .spec[0].template[0].spec[0].container[0].command: was null, but now cty.ListValEmpty(cty.String)
      - .spec[0].template[0].spec[0].container[0].args: was null, but now cty.ListValEmpty(cty.String)
2025-02-09T03:41:49.244+0200 [WARN]  Provider "registry.terraform.io/hashicorp/kubernetes" produced an unexpected new value for module.mongodb.kubernetes_deployment.reactory_mongodb during refresh.
      - .metadata[0].annotations: was null, but now cty.MapValEmpty(cty.String)
      - .metadata[0].labels: was null, but now cty.MapValEmpty(cty.String)
      - .metadata[0].resource_version: was cty.StringVal("954"), but now cty.StringVal("2215")
      - .spec[0].template[0].spec[0].node_selector: was null, but now cty.MapValEmpty(cty.String)
      - .spec[0].template[0].spec[0].container[0].args: was null, but now cty.ListValEmpty(cty.String)
      - .spec[0].template[0].spec[0].container[0].command: was null, but now cty.ListValEmpty(cty.String)
      - .spec[0].template[0].metadata[0].annotations: was null, but now cty.MapValEmpty(cty.String)
2025-02-09T03:41:49.245+0200 [WARN]  Provider "registry.terraform.io/hashicorp/kubernetes" produced an invalid plan for module.prometheus.kubernetes_deployment.reactory_prometheus, but we are tolerating it because it is using the legacy plugin SDK.
    The following problems may be the cause of any confusing errors from downstream operations:
      - .wait_for_rollout: planned value cty.True for a non-computed attribute
      - .spec[0].min_ready_seconds: planned value cty.NumberIntVal(0) for a non-computed attribute
      - .spec[0].paused: planned value cty.False for a non-computed attribute
      - .spec[0].progress_deadline_seconds: planned value cty.NumberIntVal(600) for a non-computed attribute
      - .spec[0].revision_history_limit: planned value cty.NumberIntVal(10) for a non-computed attribute
      - .spec[0].template[0].spec[0].host_network: planned value cty.False for a non-computed attribute
      - .spec[0].template[0].spec[0].automount_service_account_token: planned value cty.True for a non-computed attribute
      - .spec[0].template[0].spec[0].host_pid: planned value cty.False for a non-computed attribute
      - .spec[0].template[0].spec[0].share_process_namespace: planned value cty.False for a non-computed attribute
      - .spec[0].template[0].spec[0].dns_policy: planned value cty.StringVal("ClusterFirst") for a non-computed attribute
      - .spec[0].template[0].spec[0].termination_grace_period_seconds: planned value cty.NumberIntVal(30) for a non-computed attribute
      - .spec[0].template[0].spec[0].enable_service_links: planned value cty.True for a non-computed attribute
      - .spec[0].template[0].spec[0].host_ipc: planned value cty.False for a non-computed attribute
      - .spec[0].template[0].spec[0].restart_policy: planned value cty.StringVal("Always") for a non-computed attribute
      - .spec[0].template[0].spec[0].readiness_gate: attribute representing nested block must not be unknown itself; set nested attribute values to unknown instead
      - .spec[0].template[0].spec[0].container[0].stdin_once: planned value cty.False for a non-computed attribute
      - .spec[0].template[0].spec[0].container[0].termination_message_path: planned value cty.StringVal("/dev/termination-log") for a non-computed attribute
      - .spec[0].template[0].spec[0].container[0].stdin: planned value cty.False for a non-computed attribute
      - .spec[0].template[0].spec[0].container[0].tty: planned value cty.False for a non-computed attribute
      - .spec[0].template[0].spec[0].container[0].resources: attribute representing nested block must not be unknown itself; set nested attribute values to unknown instead
      - .spec[0].template[0].spec[0].container[0].volume_mount[0].mount_propagation: planned value cty.StringVal("None") for a non-computed attribute
      - .spec[0].template[0].spec[0].container[0].volume_mount[0].read_only: planned value cty.False for a non-computed attribute
      - .spec[0].template[0].spec[0].image_pull_secrets: attribute representing nested block must not be unknown itself; set nested attribute values to unknown instead
      - .spec[0].strategy: attribute representing nested block must not be unknown itself; set nested attribute values to unknown instead
2025-02-09T03:41:49.245+0200 [WARN]  Provider "registry.terraform.io/hashicorp/kubernetes" produced an invalid plan for module.grafana.kubernetes_deployment.reactory_grafana, but we are tolerating it because it is using the legacy plugin SDK.
    The following problems may be the cause of any confusing errors from downstream operations:
      - .wait_for_rollout: planned value cty.True for a non-computed attribute
      - .spec[0].min_ready_seconds: planned value cty.NumberIntVal(0) for a non-computed attribute
      - .spec[0].paused: planned value cty.False for a non-computed attribute
      - .spec[0].progress_deadline_seconds: planned value cty.NumberIntVal(600) for a non-computed attribute
      - .spec[0].revision_history_limit: planned value cty.NumberIntVal(10) for a non-computed attribute
      - .spec[0].strategy: attribute representing nested block must not be unknown itself; set nested attribute values to unknown instead
      - .spec[0].template[0].spec[0].enable_service_links: planned value cty.True for a non-computed attribute
      - .spec[0].template[0].spec[0].host_ipc: planned value cty.False for a non-computed attribute
      - .spec[0].template[0].spec[0].restart_policy: planned value cty.StringVal("Always") for a non-computed attribute
      - .spec[0].template[0].spec[0].host_network: planned value cty.False for a non-computed attribute
      - .spec[0].template[0].spec[0].automount_service_account_token: planned value cty.True for a non-computed attribute
      - .spec[0].template[0].spec[0].host_pid: planned value cty.False for a non-computed attribute
      - .spec[0].template[0].spec[0].share_process_namespace: planned value cty.False for a non-computed attribute
      - .spec[0].template[0].spec[0].dns_policy: planned value cty.StringVal("ClusterFirst") for a non-computed attribute
      - .spec[0].template[0].spec[0].termination_grace_period_seconds: planned value cty.NumberIntVal(30) for a non-computed attribute
      - .spec[0].template[0].spec[0].readiness_gate: attribute representing nested block must not be unknown itself; set nested attribute values to unknown instead
      - .spec[0].template[0].spec[0].image_pull_secrets: attribute representing nested block must not be unknown itself; set nested attribute values to unknown instead
      - .spec[0].template[0].spec[0].container[0].stdin_once: planned value cty.False for a non-computed attribute
      - .spec[0].template[0].spec[0].container[0].termination_message_path: planned value cty.StringVal("/dev/termination-log") for a non-computed attribute
      - .spec[0].template[0].spec[0].container[0].stdin: planned value cty.False for a non-computed attribute
      - .spec[0].template[0].spec[0].container[0].tty: planned value cty.False for a non-computed attribute
      - .spec[0].template[0].spec[0].container[0].resources: attribute representing nested block must not be unknown itself; set nested attribute values to unknown instead
      - .spec[0].template[0].spec[0].container[0].volume_mount[0].read_only: planned value cty.False for a non-computed attribute
      - .spec[0].template[0].spec[0].container[0].volume_mount[0].mount_propagation: planned value cty.StringVal("None") for a non-computed attribute
      - .spec[0].template[0].spec[0].container[0].volume_mount[1].mount_propagation: planned value cty.StringVal("None") for a non-computed attribute
      - .spec[0].template[0].spec[0].container[0].volume_mount[1].read_only: planned value cty.False for a non-computed attribute
2025-02-09T03:41:49.246+0200 [WARN]  Provider "registry.terraform.io/hashicorp/kubernetes" produced an unexpected new value for module.redis.kubernetes_deployment.reactory_redis during refresh.
      - .metadata[0].resource_version: was cty.StringVal("1220"), but now cty.StringVal("2220")
      - .metadata[0].annotations: was null, but now cty.MapValEmpty(cty.String)
      - .metadata[0].labels: was null, but now cty.MapValEmpty(cty.String)
      - .spec[0].template[0].metadata[0].annotations: was null, but now cty.MapValEmpty(cty.String)
      - .spec[0].template[0].spec[0].node_selector: was null, but now cty.MapValEmpty(cty.String)
      - .spec[0].template[0].spec[0].container[0].args: was null, but now cty.ListValEmpty(cty.String)
2025-02-09T03:41:49.246+0200 [WARN]  Provider "registry.terraform.io/hashicorp/kubernetes" produced an invalid plan for module.pwa_client.kubernetes_deployment.reactory_pwa_client, but we are tolerating it because it is using the legacy plugin SDK.
    The following problems may be the cause of any confusing errors from downstream operations:
      - .wait_for_rollout: planned value cty.True for a non-computed attribute
      - .spec[0].min_ready_seconds: planned value cty.NumberIntVal(0) for a non-computed attribute
      - .spec[0].paused: planned value cty.False for a non-computed attribute
      - .spec[0].progress_deadline_seconds: planned value cty.NumberIntVal(600) for a non-computed attribute
      - .spec[0].revision_history_limit: planned value cty.NumberIntVal(10) for a non-computed attribute
      - .spec[0].strategy: attribute representing nested block must not be unknown itself; set nested attribute values to unknown instead
      - .spec[0].template[0].spec[0].share_process_namespace: planned value cty.False for a non-computed attribute
      - .spec[0].template[0].spec[0].automount_service_account_token: planned value cty.True for a non-computed attribute
      - .spec[0].template[0].spec[0].host_pid: planned value cty.False for a non-computed attribute
      - .spec[0].template[0].spec[0].termination_grace_period_seconds: planned value cty.NumberIntVal(30) for a non-computed attribute
      - .spec[0].template[0].spec[0].dns_policy: planned value cty.StringVal("ClusterFirst") for a non-computed attribute
      - .spec[0].template[0].spec[0].host_ipc: planned value cty.False for a non-computed attribute
      - .spec[0].template[0].spec[0].restart_policy: planned value cty.StringVal("Always") for a non-computed attribute
      - .spec[0].template[0].spec[0].enable_service_links: planned value cty.True for a non-computed attribute
      - .spec[0].template[0].spec[0].host_network: planned value cty.False for a non-computed attribute
      - .spec[0].template[0].spec[0].container[0].stdin: planned value cty.False for a non-computed attribute
      - .spec[0].template[0].spec[0].container[0].tty: planned value cty.False for a non-computed attribute
      - .spec[0].template[0].spec[0].container[0].stdin_once: planned value cty.False for a non-computed attribute
      - .spec[0].template[0].spec[0].container[0].termination_message_path: planned value cty.StringVal("/dev/termination-log") for a non-computed attribute
      - .spec[0].template[0].spec[0].container[0].port[0].protocol: planned value cty.StringVal("TCP") for a non-computed attribute
      - .spec[0].template[0].spec[0].container[0].resources: attribute representing nested block must not be unknown itself; set nested attribute values to unknown instead
      - .spec[0].template[0].spec[0].image_pull_secrets: attribute representing nested block must not be unknown itself; set nested attribute values to unknown instead
      - .spec[0].template[0].spec[0].readiness_gate: attribute representing nested block must not be unknown itself; set nested attribute values to unknown instead
2025-02-09T03:41:49.249+0200 [WARN]  Provider "registry.terraform.io/hashicorp/kubernetes" produced an unexpected new value for module.express_server.kubernetes_deployment.reactory_express_server during refresh.
      - .metadata[0].annotations: was null, but now cty.MapValEmpty(cty.String)
      - .metadata[0].generation: was cty.NumberIntVal(0), but now cty.NumberIntVal(1)
      - .metadata[0].labels: was null, but now cty.MapValEmpty(cty.String)
      - .metadata[0].resource_version: was cty.StringVal(""), but now cty.StringVal("1244")
      - .metadata[0].uid: was cty.StringVal(""), but now cty.StringVal("f89f9163-73fd-4df4-8fce-04647229c9aa")
      - .spec[0].strategy: block count changed from 0 to 1
      - .spec[0].template[0].metadata[0].annotations: was null, but now cty.MapValEmpty(cty.String)
      - .spec[0].template[0].spec[0].node_selector: was null, but now cty.MapValEmpty(cty.String)
      - .spec[0].template[0].spec[0].scheduler_name: was cty.StringVal(""), but now cty.StringVal("default-scheduler")
      - .spec[0].template[0].spec[0].container[0].termination_message_policy: was cty.StringVal(""), but now cty.StringVal("File")
      - .spec[0].template[0].spec[0].container[0].args: was null, but now cty.ListValEmpty(cty.String)
      - .spec[0].template[0].spec[0].container[0].image_pull_policy: was cty.StringVal(""), but now cty.StringVal("IfNotPresent")
      - .spec[0].template[0].spec[0].container[0].resources: block count changed from 0 to 1
2025-02-09T03:41:49.259+0200 [WARN]  Provider "registry.terraform.io/hashicorp/kubernetes" produced an invalid plan for module.postgres.kubernetes_deployment.reactory_postgres, but we are tolerating it because it is using the legacy plugin SDK.
    The following problems may be the cause of any confusing errors from downstream operations:
      - .wait_for_rollout: planned value cty.True for a non-computed attribute
      - .spec[0].min_ready_seconds: planned value cty.NumberIntVal(0) for a non-computed attribute
      - .spec[0].paused: planned value cty.False for a non-computed attribute
      - .spec[0].progress_deadline_seconds: planned value cty.NumberIntVal(600) for a non-computed attribute
      - .spec[0].revision_history_limit: planned value cty.NumberIntVal(10) for a non-computed attribute
      - .spec[0].template[0].spec[0].automount_service_account_token: planned value cty.True for a non-computed attribute
      - .spec[0].template[0].spec[0].host_pid: planned value cty.False for a non-computed attribute
      - .spec[0].template[0].spec[0].share_process_namespace: planned value cty.False for a non-computed attribute
      - .spec[0].template[0].spec[0].dns_policy: planned value cty.StringVal("ClusterFirst") for a non-computed attribute
      - .spec[0].template[0].spec[0].termination_grace_period_seconds: planned value cty.NumberIntVal(30) for a non-computed attribute
      - .spec[0].template[0].spec[0].enable_service_links: planned value cty.True for a non-computed attribute
      - .spec[0].template[0].spec[0].host_ipc: planned value cty.False for a non-computed attribute
      - .spec[0].template[0].spec[0].restart_policy: planned value cty.StringVal("Always") for a non-computed attribute
      - .spec[0].template[0].spec[0].host_network: planned value cty.False for a non-computed attribute
      - .spec[0].template[0].spec[0].container[0].stdin: planned value cty.False for a non-computed attribute
      - .spec[0].template[0].spec[0].container[0].tty: planned value cty.False for a non-computed attribute
      - .spec[0].template[0].spec[0].container[0].termination_message_path: planned value cty.StringVal("/dev/termination-log") for a non-computed attribute
      - .spec[0].template[0].spec[0].container[0].stdin_once: planned value cty.False for a non-computed attribute
      - .spec[0].template[0].spec[0].container[0].resources: attribute representing nested block must not be unknown itself; set nested attribute values to unknown instead
      - .spec[0].template[0].spec[0].container[0].volume_mount[0].mount_propagation: planned value cty.StringVal("None") for a non-computed attribute
      - .spec[0].template[0].spec[0].container[0].volume_mount[0].read_only: planned value cty.False for a non-computed attribute
      - .spec[0].template[0].spec[0].image_pull_secrets: attribute representing nested block must not be unknown itself; set nested attribute values to unknown instead
      - .spec[0].template[0].spec[0].readiness_gate: attribute representing nested block must not be unknown itself; set nested attribute values to unknown instead
      - .spec[0].template[0].spec[0].volume[0].persistent_volume_claim[0].read_only: planned value cty.False for a non-computed attribute
      - .spec[0].strategy: attribute representing nested block must not be unknown itself; set nested attribute values to unknown instead
2025-02-09T03:41:49.263+0200 [WARN]  Provider "registry.terraform.io/hashicorp/kubernetes" produced an invalid plan for module.meilisearch.kubernetes_deployment.reactory_meilisearch, but we are tolerating it because it is using the legacy plugin SDK.
    The following problems may be the cause of any confusing errors from downstream operations:
      - .wait_for_rollout: planned value cty.True for a non-computed attribute
      - .metadata[0].generate_name: planned value cty.StringVal("") for a non-computed attribute
      - .metadata[0].labels: planned value cty.MapValEmpty(cty.String) for a non-computed attribute
      - .metadata[0].annotations: planned value cty.MapValEmpty(cty.String) for a non-computed attribute
      - .spec[0].min_ready_seconds: planned value cty.NumberIntVal(0) for a non-computed attribute
      - .spec[0].paused: planned value cty.False for a non-computed attribute
      - .spec[0].progress_deadline_seconds: planned value cty.NumberIntVal(600) for a non-computed attribute
      - .spec[0].revision_history_limit: planned value cty.NumberIntVal(10) for a non-computed attribute
      - .spec[0].strategy: block count in plan (1) disagrees with count in config (0)
      - .spec[0].template[0].metadata[0].namespace: planned value cty.StringVal("") for a non-computed attribute
      - .spec[0].template[0].metadata[0].annotations: planned value cty.MapValEmpty(cty.String) for a non-computed attribute
      - .spec[0].template[0].metadata[0].generate_name: planned value cty.StringVal("") for a non-computed attribute
      - .spec[0].template[0].spec[0].host_network: planned value cty.False for a non-computed attribute
      - .spec[0].template[0].spec[0].priority_class_name: planned value cty.StringVal("") for a non-computed attribute
      - .spec[0].template[0].spec[0].automount_service_account_token: planned value cty.True for a non-computed attribute
      - .spec[0].template[0].spec[0].host_pid: planned value cty.False for a non-computed attribute
      - .spec[0].template[0].spec[0].runtime_class_name: planned value cty.StringVal("") for a non-computed attribute
      - .spec[0].template[0].spec[0].share_process_namespace: planned value cty.False for a non-computed attribute
      - .spec[0].template[0].spec[0].dns_policy: planned value cty.StringVal("ClusterFirst") for a non-computed attribute
      - .spec[0].template[0].spec[0].node_selector: planned value cty.MapValEmpty(cty.String) for a non-computed attribute
      - .spec[0].template[0].spec[0].termination_grace_period_seconds: planned value cty.NumberIntVal(30) for a non-computed attribute
      - .spec[0].template[0].spec[0].active_deadline_seconds: planned value cty.NumberIntVal(0) for a non-computed attribute
      - .spec[0].template[0].spec[0].enable_service_links: planned value cty.True for a non-computed attribute
      - .spec[0].template[0].spec[0].host_ipc: planned value cty.False for a non-computed attribute
      - .spec[0].template[0].spec[0].restart_policy: planned value cty.StringVal("Always") for a non-computed attribute
      - .spec[0].template[0].spec[0].subdomain: planned value cty.StringVal("") for a non-computed attribute
      - .spec[0].template[0].spec[0].volume[0].persistent_volume_claim[0].read_only: planned value cty.False for a non-computed attribute
      - .spec[0].template[0].spec[0].container[0].stdin_once: planned value cty.False for a non-computed attribute
      - .spec[0].template[0].spec[0].container[0].termination_message_path: planned value cty.StringVal("/dev/termination-log") for a non-computed attribute
      - .spec[0].template[0].spec[0].container[0].args: planned value cty.ListValEmpty(cty.String) for a non-computed attribute
      - .spec[0].template[0].spec[0].container[0].command: planned value cty.ListValEmpty(cty.String) for a non-computed attribute
      - .spec[0].template[0].spec[0].container[0].working_dir: planned value cty.StringVal("") for a non-computed attribute
      - .spec[0].template[0].spec[0].container[0].stdin: planned value cty.False for a non-computed attribute
      - .spec[0].template[0].spec[0].container[0].tty: planned value cty.False for a non-computed attribute
      - .spec[0].template[0].spec[0].container[0].volume_mount[0].mount_propagation: planned value cty.StringVal("None") for a non-computed attribute
      - .spec[0].template[0].spec[0].container[0].volume_mount[0].read_only: planned value cty.False for a non-computed attribute
      - .spec[0].template[0].spec[0].container[0].volume_mount[0].sub_path: planned value cty.StringVal("") for a non-computed attribute
      - .spec[0].template[0].spec[0].container[0].resources: block count in plan (1) disagrees with count in config (0)
2025-02-09T03:41:49.263+0200 [WARN]  Provider "registry.terraform.io/hashicorp/kubernetes" produced an invalid plan for module.mongodb.kubernetes_deployment.reactory_mongodb, but we are tolerating it because it is using the legacy plugin SDK.
    The following problems may be the cause of any confusing errors from downstream operations:
      - .wait_for_rollout: planned value cty.True for a non-computed attribute
      - .spec[0].min_ready_seconds: planned value cty.NumberIntVal(0) for a non-computed attribute
      - .spec[0].paused: planned value cty.False for a non-computed attribute
      - .spec[0].progress_deadline_seconds: planned value cty.NumberIntVal(600) for a non-computed attribute
      - .spec[0].revision_history_limit: planned value cty.NumberIntVal(10) for a non-computed attribute
      - .spec[0].strategy: block count in plan (1) disagrees with count in config (0)
      - .spec[0].template[0].metadata[0].namespace: planned value cty.StringVal("") for a non-computed attribute
      - .spec[0].template[0].metadata[0].annotations: planned value cty.MapValEmpty(cty.String) for a non-computed attribute
      - .spec[0].template[0].metadata[0].generate_name: planned value cty.StringVal("") for a non-computed attribute
      - .spec[0].template[0].spec[0].automount_service_account_token: planned value cty.True for a non-computed attribute
      - .spec[0].template[0].spec[0].host_pid: planned value cty.False for a non-computed attribute
      - .spec[0].template[0].spec[0].runtime_class_name: planned value cty.StringVal("") for a non-computed attribute
      - .spec[0].template[0].spec[0].share_process_namespace: planned value cty.False for a non-computed attribute
      - .spec[0].template[0].spec[0].dns_policy: planned value cty.StringVal("ClusterFirst") for a non-computed attribute
      - .spec[0].template[0].spec[0].node_selector: planned value cty.MapValEmpty(cty.String) for a non-computed attribute
      - .spec[0].template[0].spec[0].termination_grace_period_seconds: planned value cty.NumberIntVal(30) for a non-computed attribute
      - .spec[0].template[0].spec[0].active_deadline_seconds: planned value cty.NumberIntVal(0) for a non-computed attribute
      - .spec[0].template[0].spec[0].enable_service_links: planned value cty.True for a non-computed attribute
      - .spec[0].template[0].spec[0].host_ipc: planned value cty.False for a non-computed attribute
      - .spec[0].template[0].spec[0].restart_policy: planned value cty.StringVal("Always") for a non-computed attribute
      - .spec[0].template[0].spec[0].subdomain: planned value cty.StringVal("") for a non-computed attribute
      - .spec[0].template[0].spec[0].host_network: planned value cty.False for a non-computed attribute
      - .spec[0].template[0].spec[0].priority_class_name: planned value cty.StringVal("") for a non-computed attribute
      - .spec[0].template[0].spec[0].volume[0].persistent_volume_claim[0].read_only: planned value cty.False for a non-computed attribute
      - .spec[0].template[0].spec[0].container[0].args: planned value cty.ListValEmpty(cty.String) for a non-computed attribute
      - .spec[0].template[0].spec[0].container[0].command: planned value cty.ListValEmpty(cty.String) for a non-computed attribute
      - .spec[0].template[0].spec[0].container[0].stdin_once: planned value cty.False for a non-computed attribute
      - .spec[0].template[0].spec[0].container[0].termination_message_path: planned value cty.StringVal("/dev/termination-log") for a non-computed attribute
      - .spec[0].template[0].spec[0].container[0].stdin: planned value cty.False for a non-computed attribute
      - .spec[0].template[0].spec[0].container[0].tty: planned value cty.False for a non-computed attribute
      - .spec[0].template[0].spec[0].container[0].working_dir: planned value cty.StringVal("") for a non-computed attribute
      - .spec[0].template[0].spec[0].container[0].resources: block count in plan (1) disagrees with count in config (0)
      - .spec[0].template[0].spec[0].container[0].volume_mount[0].read_only: planned value cty.False for a non-computed attribute
      - .spec[0].template[0].spec[0].container[0].volume_mount[0].sub_path: planned value cty.StringVal("") for a non-computed attribute
      - .spec[0].template[0].spec[0].container[0].volume_mount[0].mount_propagation: planned value cty.StringVal("None") for a non-computed attribute
      - .metadata[0].labels: planned value cty.MapValEmpty(cty.String) for a non-computed attribute
      - .metadata[0].annotations: planned value cty.MapValEmpty(cty.String) for a non-computed attribute
      - .metadata[0].generate_name: planned value cty.StringVal("") for a non-computed attribute
2025-02-09T03:41:49.263+0200 [WARN]  Provider "registry.terraform.io/hashicorp/kubernetes" produced an invalid plan for module.redis.kubernetes_deployment.reactory_redis, but we are tolerating it because it is using the legacy plugin SDK.
    The following problems may be the cause of any confusing errors from downstream operations:
      - .wait_for_rollout: planned value cty.True for a non-computed attribute
      - .metadata[0].generate_name: planned value cty.StringVal("") for a non-computed attribute
      - .metadata[0].labels: planned value cty.MapValEmpty(cty.String) for a non-computed attribute
      - .metadata[0].annotations: planned value cty.MapValEmpty(cty.String) for a non-computed attribute
      - .spec[0].min_ready_seconds: planned value cty.NumberIntVal(0) for a non-computed attribute
      - .spec[0].paused: planned value cty.False for a non-computed attribute
      - .spec[0].progress_deadline_seconds: planned value cty.NumberIntVal(600) for a non-computed attribute
      - .spec[0].revision_history_limit: planned value cty.NumberIntVal(10) for a non-computed attribute
      - .spec[0].template[0].metadata[0].namespace: planned value cty.StringVal("") for a non-computed attribute
      - .spec[0].template[0].metadata[0].annotations: planned value cty.MapValEmpty(cty.String) for a non-computed attribute
      - .spec[0].template[0].metadata[0].generate_name: planned value cty.StringVal("") for a non-computed attribute
      - .spec[0].template[0].spec[0].subdomain: planned value cty.StringVal("") for a non-computed attribute
      - .spec[0].template[0].spec[0].active_deadline_seconds: planned value cty.NumberIntVal(0) for a non-computed attribute
      - .spec[0].template[0].spec[0].enable_service_links: planned value cty.True for a non-computed attribute
      - .spec[0].template[0].spec[0].host_ipc: planned value cty.False for a non-computed attribute
      - .spec[0].template[0].spec[0].restart_policy: planned value cty.StringVal("Always") for a non-computed attribute
      - .spec[0].template[0].spec[0].host_network: planned value cty.False for a non-computed attribute
      - .spec[0].template[0].spec[0].priority_class_name: planned value cty.StringVal("") for a non-computed attribute
      - .spec[0].template[0].spec[0].automount_service_account_token: planned value cty.True for a non-computed attribute
      - .spec[0].template[0].spec[0].host_pid: planned value cty.False for a non-computed attribute
      - .spec[0].template[0].spec[0].runtime_class_name: planned value cty.StringVal("") for a non-computed attribute
      - .spec[0].template[0].spec[0].share_process_namespace: planned value cty.False for a non-computed attribute
      - .spec[0].template[0].spec[0].termination_grace_period_seconds: planned value cty.NumberIntVal(30) for a non-computed attribute
      - .spec[0].template[0].spec[0].dns_policy: planned value cty.StringVal("ClusterFirst") for a non-computed attribute
      - .spec[0].template[0].spec[0].node_selector: planned value cty.MapValEmpty(cty.String) for a non-computed attribute
      - .spec[0].template[0].spec[0].container[0].stdin: planned value cty.False for a non-computed attribute
      - .spec[0].template[0].spec[0].container[0].tty: planned value cty.False for a non-computed attribute
      - .spec[0].template[0].spec[0].container[0].working_dir: planned value cty.StringVal("") for a non-computed attribute
      - .spec[0].template[0].spec[0].container[0].args: planned value cty.ListValEmpty(cty.String) for a non-computed attribute
      - .spec[0].template[0].spec[0].container[0].stdin_once: planned value cty.False for a non-computed attribute
      - .spec[0].template[0].spec[0].container[0].termination_message_path: planned value cty.StringVal("/dev/termination-log") for a non-computed attribute
      - .spec[0].template[0].spec[0].container[0].volume_mount[0].mount_propagation: planned value cty.StringVal("None") for a non-computed attribute
      - .spec[0].template[0].spec[0].container[0].volume_mount[0].read_only: planned value cty.False for a non-computed attribute
      - .spec[0].template[0].spec[0].container[0].volume_mount[0].sub_path: planned value cty.StringVal("") for a non-computed attribute
      - .spec[0].template[0].spec[0].container[0].resources: block count in plan (1) disagrees with count in config (0)
      - .spec[0].template[0].spec[0].volume[0].persistent_volume_claim[0].read_only: planned value cty.False for a non-computed attribute
      - .spec[0].strategy: block count in plan (1) disagrees with count in config (0)
2025-02-09T03:41:49.265+0200 [WARN]  Provider "registry.terraform.io/hashicorp/kubernetes" produced an invalid plan for module.express_server.kubernetes_deployment.reactory_express_server, but we are tolerating it because it is using the legacy plugin SDK.
    The following problems may be the cause of any confusing errors from downstream operations:
      - .wait_for_rollout: planned value cty.True for a non-computed attribute
      - .spec[0].progress_deadline_seconds: planned value cty.NumberIntVal(600) for a non-computed attribute
      - .spec[0].revision_history_limit: planned value cty.NumberIntVal(10) for a non-computed attribute
      - .spec[0].min_ready_seconds: planned value cty.NumberIntVal(0) for a non-computed attribute
      - .spec[0].paused: planned value cty.False for a non-computed attribute
      - .spec[0].strategy: attribute representing nested block must not be unknown itself; set nested attribute values to unknown instead
      - .spec[0].template[0].spec[0].host_network: planned value cty.False for a non-computed attribute
      - .spec[0].template[0].spec[0].host_pid: planned value cty.False for a non-computed attribute
      - .spec[0].template[0].spec[0].share_process_namespace: planned value cty.False for a non-computed attribute
      - .spec[0].template[0].spec[0].automount_service_account_token: planned value cty.True for a non-computed attribute
      - .spec[0].template[0].spec[0].termination_grace_period_seconds: planned value cty.NumberIntVal(30) for a non-computed attribute
      - .spec[0].template[0].spec[0].dns_policy: planned value cty.StringVal("ClusterFirst") for a non-computed attribute
      - .spec[0].template[0].spec[0].enable_service_links: planned value cty.True for a non-computed attribute
      - .spec[0].template[0].spec[0].host_ipc: planned value cty.False for a non-computed attribute
      - .spec[0].template[0].spec[0].restart_policy: planned value cty.StringVal("Always") for a non-computed attribute
      - .spec[0].template[0].spec[0].readiness_gate: attribute representing nested block must not be unknown itself; set nested attribute values to unknown instead
      - .spec[0].template[0].spec[0].volume[0].persistent_volume_claim[0].read_only: planned value cty.False for a non-computed attribute
      - .spec[0].template[0].spec[0].container[0].stdin_once: planned value cty.False for a non-computed attribute
      - .spec[0].template[0].spec[0].container[0].termination_message_path: planned value cty.StringVal("/dev/termination-log") for a non-computed attribute
      - .spec[0].template[0].spec[0].container[0].stdin: planned value cty.False for a non-computed attribute
      - .spec[0].template[0].spec[0].container[0].tty: planned value cty.False for a non-computed attribute
      - .spec[0].template[0].spec[0].container[0].resources: attribute representing nested block must not be unknown itself; set nested attribute values to unknown instead
      - .spec[0].template[0].spec[0].image_pull_secrets: attribute representing nested block must not be unknown itself; set nested attribute values to unknown instead
2025-02-09T03:41:49.267+0200 [INFO]  provider: plugin process exited: plugin=.terraform/providers/registry.terraform.io/hashicorp/kubernetes/2.35.1/darwin_arm64/terraform-provider-kubernetes_v2.35.1_x5 id=68829
2025-02-09T03:42:56.300+0200 [INFO]  backend/local: apply calling Apply
2025-02-09T03:42:56.327+0200 [INFO]  provider: configuring client automatic mTLS
2025-02-09T03:42:56.369+0200 [INFO]  provider.terraform-provider-kubernetes_v2.35.1_x5: configuring server automatic mTLS: timestamp="2025-02-09T03:42:56.368+0200"
2025-02-09T03:42:56.389+0200 [INFO]  Starting apply for module.pwa_client.kubernetes_service.reactory_nginx
2025-02-09T03:42:56.389+0200 [INFO]  Starting apply for module.express_server.kubernetes_persistent_volume.reactory_data
2025-02-09T03:42:56.394+0200 [INFO]  Starting apply for module.postgres.kubernetes_deployment.reactory_postgres
2025-02-09T03:42:56.394+0200 [INFO]  Starting apply for module.pwa_client.kubernetes_deployment.reactory_pwa_client
2025-02-09T03:42:56.395+0200 [INFO]  Starting apply for module.grafana.kubernetes_deployment.reactory_grafana
2025-02-09T03:42:56.395+0200 [INFO]  Starting apply for module.prometheus.kubernetes_deployment.reactory_prometheus
2025-02-09T03:42:56.396+0200 [INFO]  Starting apply for module.express_server.kubernetes_deployment.reactory_express_server
2025-02-09T03:42:56.463+0200 [WARN]  Provider "registry.terraform.io/hashicorp/kubernetes" produced an invalid plan for module.prometheus.kubernetes_deployment.reactory_prometheus, but we are tolerating it because it is using the legacy plugin SDK.
    The following problems may be the cause of any confusing errors from downstream operations:
      - .wait_for_rollout: planned value cty.True for a non-computed attribute
      - .spec[0].revision_history_limit: planned value cty.NumberIntVal(10) for a non-computed attribute
      - .spec[0].min_ready_seconds: planned value cty.NumberIntVal(0) for a non-computed attribute
      - .spec[0].paused: planned value cty.False for a non-computed attribute
      - .spec[0].progress_deadline_seconds: planned value cty.NumberIntVal(600) for a non-computed attribute
      - .spec[0].strategy: attribute representing nested block must not be unknown itself; set nested attribute values to unknown instead
      - .spec[0].template[0].spec[0].termination_grace_period_seconds: planned value cty.NumberIntVal(30) for a non-computed attribute
      - .spec[0].template[0].spec[0].dns_policy: planned value cty.StringVal("ClusterFirst") for a non-computed attribute
      - .spec[0].template[0].spec[0].enable_service_links: planned value cty.True for a non-computed attribute
      - .spec[0].template[0].spec[0].host_ipc: planned value cty.False for a non-computed attribute
      - .spec[0].template[0].spec[0].restart_policy: planned value cty.StringVal("Always") for a non-computed attribute
      - .spec[0].template[0].spec[0].host_network: planned value cty.False for a non-computed attribute
      - .spec[0].template[0].spec[0].automount_service_account_token: planned value cty.True for a non-computed attribute
      - .spec[0].template[0].spec[0].host_pid: planned value cty.False for a non-computed attribute
      - .spec[0].template[0].spec[0].share_process_namespace: planned value cty.False for a non-computed attribute
      - .spec[0].template[0].spec[0].container[0].stdin: planned value cty.False for a non-computed attribute
      - .spec[0].template[0].spec[0].container[0].tty: planned value cty.False for a non-computed attribute
      - .spec[0].template[0].spec[0].container[0].stdin_once: planned value cty.False for a non-computed attribute
      - .spec[0].template[0].spec[0].container[0].termination_message_path: planned value cty.StringVal("/dev/termination-log") for a non-computed attribute
      - .spec[0].template[0].spec[0].container[0].volume_mount[0].mount_propagation: planned value cty.StringVal("None") for a non-computed attribute
      - .spec[0].template[0].spec[0].container[0].volume_mount[0].read_only: planned value cty.False for a non-computed attribute
      - .spec[0].template[0].spec[0].container[0].resources: attribute representing nested block must not be unknown itself; set nested attribute values to unknown instead
      - .spec[0].template[0].spec[0].image_pull_secrets: attribute representing nested block must not be unknown itself; set nested attribute values to unknown instead
      - .spec[0].template[0].spec[0].readiness_gate: attribute representing nested block must not be unknown itself; set nested attribute values to unknown instead
2025-02-09T03:42:56.464+0200 [INFO]  Starting apply for module.prometheus.kubernetes_deployment.reactory_prometheus
2025-02-09T03:42:56.481+0200 [WARN]  Provider "registry.terraform.io/hashicorp/kubernetes" produced an invalid plan for module.postgres.kubernetes_deployment.reactory_postgres, but we are tolerating it because it is using the legacy plugin SDK.
    The following problems may be the cause of any confusing errors from downstream operations:
      - .wait_for_rollout: planned value cty.True for a non-computed attribute
      - .spec[0].progress_deadline_seconds: planned value cty.NumberIntVal(600) for a non-computed attribute
      - .spec[0].revision_history_limit: planned value cty.NumberIntVal(10) for a non-computed attribute
      - .spec[0].min_ready_seconds: planned value cty.NumberIntVal(0) for a non-computed attribute
      - .spec[0].paused: planned value cty.False for a non-computed attribute
      - .spec[0].strategy: attribute representing nested block must not be unknown itself; set nested attribute values to unknown instead
      - .spec[0].template[0].spec[0].host_network: planned value cty.False for a non-computed attribute
      - .spec[0].template[0].spec[0].share_process_namespace: planned value cty.False for a non-computed attribute
      - .spec[0].template[0].spec[0].automount_service_account_token: planned value cty.True for a non-computed attribute
      - .spec[0].template[0].spec[0].host_pid: planned value cty.False for a non-computed attribute
      - .spec[0].template[0].spec[0].termination_grace_period_seconds: planned value cty.NumberIntVal(30) for a non-computed attribute
      - .spec[0].template[0].spec[0].dns_policy: planned value cty.StringVal("ClusterFirst") for a non-computed attribute
      - .spec[0].template[0].spec[0].restart_policy: planned value cty.StringVal("Always") for a non-computed attribute
      - .spec[0].template[0].spec[0].enable_service_links: planned value cty.True for a non-computed attribute
      - .spec[0].template[0].spec[0].host_ipc: planned value cty.False for a non-computed attribute
      - .spec[0].template[0].spec[0].volume[0].persistent_volume_claim[0].read_only: planned value cty.False for a non-computed attribute
      - .spec[0].template[0].spec[0].readiness_gate: attribute representing nested block must not be unknown itself; set nested attribute values to unknown instead
      - .spec[0].template[0].spec[0].image_pull_secrets: attribute representing nested block must not be unknown itself; set nested attribute values to unknown instead
      - .spec[0].template[0].spec[0].container[0].stdin_once: planned value cty.False for a non-computed attribute
      - .spec[0].template[0].spec[0].container[0].termination_message_path: planned value cty.StringVal("/dev/termination-log") for a non-computed attribute
      - .spec[0].template[0].spec[0].container[0].stdin: planned value cty.False for a non-computed attribute
      - .spec[0].template[0].spec[0].container[0].tty: planned value cty.False for a non-computed attribute
      - .spec[0].template[0].spec[0].container[0].resources: attribute representing nested block must not be unknown itself; set nested attribute values to unknown instead
      - .spec[0].template[0].spec[0].container[0].volume_mount[0].mount_propagation: planned value cty.StringVal("None") for a non-computed attribute
      - .spec[0].template[0].spec[0].container[0].volume_mount[0].read_only: planned value cty.False for a non-computed attribute
2025-02-09T03:42:56.482+0200 [INFO]  Starting apply for module.postgres.kubernetes_deployment.reactory_postgres
2025-02-09T03:42:56.485+0200 [WARN]  Provider "registry.terraform.io/hashicorp/kubernetes" produced an invalid plan for module.grafana.kubernetes_deployment.reactory_grafana, but we are tolerating it because it is using the legacy plugin SDK.
    The following problems may be the cause of any confusing errors from downstream operations:
      - .wait_for_rollout: planned value cty.True for a non-computed attribute
      - .spec[0].min_ready_seconds: planned value cty.NumberIntVal(0) for a non-computed attribute
      - .spec[0].paused: planned value cty.False for a non-computed attribute
      - .spec[0].progress_deadline_seconds: planned value cty.NumberIntVal(600) for a non-computed attribute
      - .spec[0].revision_history_limit: planned value cty.NumberIntVal(10) for a non-computed attribute
      - .spec[0].strategy: attribute representing nested block must not be unknown itself; set nested attribute values to unknown instead
      - .spec[0].template[0].spec[0].dns_policy: planned value cty.StringVal("ClusterFirst") for a non-computed attribute
      - .spec[0].template[0].spec[0].termination_grace_period_seconds: planned value cty.NumberIntVal(30) for a non-computed attribute
      - .spec[0].template[0].spec[0].enable_service_links: planned value cty.True for a non-computed attribute
      - .spec[0].template[0].spec[0].host_ipc: planned value cty.False for a non-computed attribute
      - .spec[0].template[0].spec[0].restart_policy: planned value cty.StringVal("Always") for a non-computed attribute
      - .spec[0].template[0].spec[0].host_network: planned value cty.False for a non-computed attribute
      - .spec[0].template[0].spec[0].automount_service_account_token: planned value cty.True for a non-computed attribute
      - .spec[0].template[0].spec[0].host_pid: planned value cty.False for a non-computed attribute
      - .spec[0].template[0].spec[0].share_process_namespace: planned value cty.False for a non-computed attribute
      - .spec[0].template[0].spec[0].readiness_gate: attribute representing nested block must not be unknown itself; set nested attribute values to unknown instead
      - .spec[0].template[0].spec[0].container[0].stdin_once: planned value cty.False for a non-computed attribute
      - .spec[0].template[0].spec[0].container[0].termination_message_path: planned value cty.StringVal("/dev/termination-log") for a non-computed attribute
      - .spec[0].template[0].spec[0].container[0].stdin: planned value cty.False for a non-computed attribute
      - .spec[0].template[0].spec[0].container[0].tty: planned value cty.False for a non-computed attribute
      - .spec[0].template[0].spec[0].container[0].volume_mount[0].read_only: planned value cty.False for a non-computed attribute
      - .spec[0].template[0].spec[0].container[0].volume_mount[0].mount_propagation: planned value cty.StringVal("None") for a non-computed attribute
      - .spec[0].template[0].spec[0].container[0].volume_mount[1].mount_propagation: planned value cty.StringVal("None") for a non-computed attribute
      - .spec[0].template[0].spec[0].container[0].volume_mount[1].read_only: planned value cty.False for a non-computed attribute
      - .spec[0].template[0].spec[0].container[0].resources: attribute representing nested block must not be unknown itself; set nested attribute values to unknown instead
      - .spec[0].template[0].spec[0].image_pull_secrets: attribute representing nested block must not be unknown itself; set nested attribute values to unknown instead
2025-02-09T03:42:56.485+0200 [INFO]  Starting apply for module.grafana.kubernetes_deployment.reactory_grafana
2025-02-09T03:42:56.487+0200 [WARN]  Provider "registry.terraform.io/hashicorp/kubernetes" produced an invalid plan for module.express_server.kubernetes_deployment.reactory_express_server, but we are tolerating it because it is using the legacy plugin SDK.
    The following problems may be the cause of any confusing errors from downstream operations:
      - .wait_for_rollout: planned value cty.True for a non-computed attribute
      - .spec[0].revision_history_limit: planned value cty.NumberIntVal(10) for a non-computed attribute
      - .spec[0].min_ready_seconds: planned value cty.NumberIntVal(0) for a non-computed attribute
      - .spec[0].paused: planned value cty.False for a non-computed attribute
      - .spec[0].progress_deadline_seconds: planned value cty.NumberIntVal(600) for a non-computed attribute
      - .spec[0].strategy: attribute representing nested block must not be unknown itself; set nested attribute values to unknown instead
      - .spec[0].template[0].spec[0].restart_policy: planned value cty.StringVal("Always") for a non-computed attribute
      - .spec[0].template[0].spec[0].enable_service_links: planned value cty.True for a non-computed attribute
      - .spec[0].template[0].spec[0].host_ipc: planned value cty.False for a non-computed attribute
      - .spec[0].template[0].spec[0].host_network: planned value cty.False for a non-computed attribute
      - .spec[0].template[0].spec[0].share_process_namespace: planned value cty.False for a non-computed attribute
      - .spec[0].template[0].spec[0].automount_service_account_token: planned value cty.True for a non-computed attribute
      - .spec[0].template[0].spec[0].host_pid: planned value cty.False for a non-computed attribute
      - .spec[0].template[0].spec[0].termination_grace_period_seconds: planned value cty.NumberIntVal(30) for a non-computed attribute
      - .spec[0].template[0].spec[0].dns_policy: planned value cty.StringVal("ClusterFirst") for a non-computed attribute
      - .spec[0].template[0].spec[0].readiness_gate: attribute representing nested block must not be unknown itself; set nested attribute values to unknown instead
      - .spec[0].template[0].spec[0].volume[0].persistent_volume_claim[0].read_only: planned value cty.False for a non-computed attribute
      - .spec[0].template[0].spec[0].container[0].stdin: planned value cty.False for a non-computed attribute
      - .spec[0].template[0].spec[0].container[0].tty: planned value cty.False for a non-computed attribute
      - .spec[0].template[0].spec[0].container[0].stdin_once: planned value cty.False for a non-computed attribute
      - .spec[0].template[0].spec[0].container[0].termination_message_path: planned value cty.StringVal("/dev/termination-log") for a non-computed attribute
      - .spec[0].template[0].spec[0].container[0].resources: attribute representing nested block must not be unknown itself; set nested attribute values to unknown instead
      - .spec[0].template[0].spec[0].image_pull_secrets: attribute representing nested block must not be unknown itself; set nested attribute values to unknown instead
2025-02-09T03:42:56.487+0200 [INFO]  Starting apply for module.express_server.kubernetes_deployment.reactory_express_server
2025-02-09T03:42:56.491+0200 [WARN]  Provider "registry.terraform.io/hashicorp/kubernetes" produced an invalid plan for module.pwa_client.kubernetes_deployment.reactory_pwa_client, but we are tolerating it because it is using the legacy plugin SDK.
    The following problems may be the cause of any confusing errors from downstream operations:
      - .wait_for_rollout: planned value cty.True for a non-computed attribute
      - .spec[0].min_ready_seconds: planned value cty.NumberIntVal(0) for a non-computed attribute
      - .spec[0].paused: planned value cty.False for a non-computed attribute
      - .spec[0].progress_deadline_seconds: planned value cty.NumberIntVal(600) for a non-computed attribute
      - .spec[0].revision_history_limit: planned value cty.NumberIntVal(10) for a non-computed attribute
      - .spec[0].strategy: attribute representing nested block must not be unknown itself; set nested attribute values to unknown instead
      - .spec[0].template[0].spec[0].host_network: planned value cty.False for a non-computed attribute
      - .spec[0].template[0].spec[0].automount_service_account_token: planned value cty.True for a non-computed attribute
      - .spec[0].template[0].spec[0].host_pid: planned value cty.False for a non-computed attribute
      - .spec[0].template[0].spec[0].share_process_namespace: planned value cty.False for a non-computed attribute
      - .spec[0].template[0].spec[0].termination_grace_period_seconds: planned value cty.NumberIntVal(30) for a non-computed attribute
      - .spec[0].template[0].spec[0].dns_policy: planned value cty.StringVal("ClusterFirst") for a non-computed attribute
      - .spec[0].template[0].spec[0].enable_service_links: planned value cty.True for a non-computed attribute
      - .spec[0].template[0].spec[0].host_ipc: planned value cty.False for a non-computed attribute
      - .spec[0].template[0].spec[0].restart_policy: planned value cty.StringVal("Always") for a non-computed attribute
      - .spec[0].template[0].spec[0].container[0].stdin: planned value cty.False for a non-computed attribute
      - .spec[0].template[0].spec[0].container[0].tty: planned value cty.False for a non-computed attribute
      - .spec[0].template[0].spec[0].container[0].stdin_once: planned value cty.False for a non-computed attribute
      - .spec[0].template[0].spec[0].container[0].termination_message_path: planned value cty.StringVal("/dev/termination-log") for a non-computed attribute
      - .spec[0].template[0].spec[0].container[0].resources: attribute representing nested block must not be unknown itself; set nested attribute values to unknown instead
      - .spec[0].template[0].spec[0].container[0].port[0].protocol: planned value cty.StringVal("TCP") for a non-computed attribute
      - .spec[0].template[0].spec[0].image_pull_secrets: attribute representing nested block must not be unknown itself; set nested attribute values to unknown instead
      - .spec[0].template[0].spec[0].readiness_gate: attribute representing nested block must not be unknown itself; set nested attribute values to unknown instead
2025-02-09T03:42:56.491+0200 [INFO]  Starting apply for module.pwa_client.kubernetes_deployment.reactory_pwa_client
2025-02-09T03:42:56.953+0200 [WARN]  Provider "registry.terraform.io/hashicorp/kubernetes" produced an invalid plan for module.express_server.kubernetes_persistent_volume.reactory_data, but we are tolerating it because it is using the legacy plugin SDK.
    The following problems may be the cause of any confusing errors from downstream operations:
      - .spec[0].volume_mode: planned value cty.StringVal("Filesystem") for a non-computed attribute
      - .spec[0].persistent_volume_reclaim_policy: planned value cty.StringVal("Retain") for a non-computed attribute
      - .spec[0].claim_ref: attribute representing nested block must not be unknown itself; set nested attribute values to unknown instead
      - .spec[0].node_affinity: attribute representing nested block must not be unknown itself; set nested attribute values to unknown instead
2025-02-09T03:42:56.954+0200 [INFO]  Starting apply for module.express_server.kubernetes_persistent_volume.reactory_data
2025-02-09T03:42:57.169+0200 [WARN]  Provider "provider[\"registry.terraform.io/hashicorp/kubernetes\"]" produced an unexpected new value for module.express_server.kubernetes_persistent_volume.reactory_data, but we are tolerating it because it is using the legacy plugin SDK.
    The following problems may be the cause of any confusing errors from downstream operations:
      - .spec[0].storage_class_name: was null, but now cty.StringVal("")
      - .spec[0].persistent_volume_source[0].host_path[0].type: was null, but now cty.StringVal("")
2025-02-09T03:42:58.066+0200 [WARN]  Provider "provider[\"registry.terraform.io/hashicorp/kubernetes\"]" produced an unexpected new value for module.pwa_client.kubernetes_deployment.reactory_pwa_client, but we are tolerating it because it is using the legacy plugin SDK.
    The following problems may be the cause of any confusing errors from downstream operations:
      - .metadata[0].generate_name: was null, but now cty.StringVal("")
      - .spec[0].template[0].metadata[0].namespace: was null, but now cty.StringVal("")
      - .spec[0].template[0].metadata[0].generate_name: was null, but now cty.StringVal("")
      - .spec[0].template[0].spec[0].runtime_class_name: was null, but now cty.StringVal("")
      - .spec[0].template[0].spec[0].active_deadline_seconds: was null, but now cty.NumberIntVal(0)
      - .spec[0].template[0].spec[0].subdomain: was null, but now cty.StringVal("")
      - .spec[0].template[0].spec[0].priority_class_name: was null, but now cty.StringVal("")
      - .spec[0].template[0].spec[0].container[0].working_dir: was null, but now cty.StringVal("")
      - .spec[0].template[0].spec[0].container[0].port[0].host_port: was null, but now cty.NumberIntVal(0)
      - .spec[0].template[0].spec[0].container[0].port[0].name: was null, but now cty.StringVal("")
      - .spec[0].template[0].spec[0].container[0].port[0].host_ip: was null, but now cty.StringVal("")
2025-02-09T03:42:58.067+0200 [WARN]  Provider "provider[\"registry.terraform.io/hashicorp/kubernetes\"]" produced an unexpected new value for module.express_server.kubernetes_deployment.reactory_express_server, but we are tolerating it because it is using the legacy plugin SDK.
    The following problems may be the cause of any confusing errors from downstream operations:
      - .metadata[0].generate_name: was null, but now cty.StringVal("")
      - .spec[0].template[0].metadata[0].generate_name: was null, but now cty.StringVal("")
      - .spec[0].template[0].metadata[0].namespace: was null, but now cty.StringVal("")
      - .spec[0].template[0].spec[0].subdomain: was null, but now cty.StringVal("")
      - .spec[0].template[0].spec[0].active_deadline_seconds: was null, but now cty.NumberIntVal(0)
      - .spec[0].template[0].spec[0].priority_class_name: was null, but now cty.StringVal("")
      - .spec[0].template[0].spec[0].runtime_class_name: was null, but now cty.StringVal("")
      - .spec[0].template[0].spec[0].container[0].working_dir: was null, but now cty.StringVal("")
2025-02-09T03:43:04.052+0200 [WARN]  Provider "provider[\"registry.terraform.io/hashicorp/kubernetes\"]" produced an unexpected new value for module.postgres.kubernetes_deployment.reactory_postgres, but we are tolerating it because it is using the legacy plugin SDK.
    The following problems may be the cause of any confusing errors from downstream operations:
      - .metadata[0].generate_name: was null, but now cty.StringVal("")
      - .spec[0].template[0].metadata[0].generate_name: was null, but now cty.StringVal("")
      - .spec[0].template[0].metadata[0].namespace: was null, but now cty.StringVal("")
      - .spec[0].template[0].spec[0].subdomain: was null, but now cty.StringVal("")
      - .spec[0].template[0].spec[0].active_deadline_seconds: was null, but now cty.NumberIntVal(0)
      - .spec[0].template[0].spec[0].priority_class_name: was null, but now cty.StringVal("")
      - .spec[0].template[0].spec[0].runtime_class_name: was null, but now cty.StringVal("")
      - .spec[0].template[0].spec[0].container[0].working_dir: was null, but now cty.StringVal("")
      - .spec[0].template[0].spec[0].container[0].volume_mount[0].sub_path: was null, but now cty.StringVal("")
2025-02-09T03:43:12.088+0200 [WARN]  Provider "provider[\"registry.terraform.io/hashicorp/kubernetes\"]" produced an unexpected new value for module.grafana.kubernetes_deployment.reactory_grafana, but we are tolerating it because it is using the legacy plugin SDK.
    The following problems may be the cause of any confusing errors from downstream operations:
      - .metadata[0].generate_name: was null, but now cty.StringVal("")
      - .spec[0].template[0].metadata[0].namespace: was null, but now cty.StringVal("")
      - .spec[0].template[0].metadata[0].generate_name: was null, but now cty.StringVal("")
      - .spec[0].template[0].spec[0].subdomain: was null, but now cty.StringVal("")
      - .spec[0].template[0].spec[0].active_deadline_seconds: was null, but now cty.NumberIntVal(0)
      - .spec[0].template[0].spec[0].priority_class_name: was null, but now cty.StringVal("")
      - .spec[0].template[0].spec[0].runtime_class_name: was null, but now cty.StringVal("")
      - .spec[0].template[0].spec[0].volume[0].host_path[0].type: was null, but now cty.StringVal("")
      - .spec[0].template[0].spec[0].volume[1].host_path[0].type: was null, but now cty.StringVal("")
      - .spec[0].template[0].spec[0].container[0].working_dir: was null, but now cty.StringVal("")
      - .spec[0].template[0].spec[0].container[0].volume_mount[0].sub_path: was null, but now cty.StringVal("")
      - .spec[0].template[0].spec[0].container[0].volume_mount[1].sub_path: was null, but now cty.StringVal("")
2025-02-09T03:51:08.617+0200 [WARN]  terraform: Stop called, initiating interrupt sequence
2025-02-09T03:51:08.618+0200 [WARN]  terraform: run context exists, stopping
2025-02-09T03:51:08.618+0200 [INFO]  terraform: waiting for graceful stop to complete
2025-02-09T03:51:08.619+0200 [ERROR] provider.terraform-provider-kubernetes_v2.35.1_x5: Error from downstream: @module=sdk.proto error="error stopping *provider.RawProviderServer: rpc error: code = Unimplemented desc = method Stop not implemented" tf_proto_version=5.7 tf_provider_addr=registry.terraform.io/hashicorp/kubernetes tf_req_id=02926835-1131-46d2-ef3f-5567c0f41612 tf_rpc=Stop @caller=github.com/hashicorp/terraform-plugin-go@v0.25.0/tfprotov5/tf5server/server.go:629 timestamp="2025-02-09T03:51:08.619+0200"
2025-02-09T03:52:56.481+0200 [ERROR] provider.terraform-provider-kubernetes_v2.35.1_x5: Response contains error diagnostic: tf_rpc=ApplyResourceChange @caller=github.com/hashicorp/terraform-plugin-go@v0.25.0/tfprotov5/internal/diag/diagnostics.go:58 diagnostic_severity=ERROR tf_provider_addr=registry.terraform.io/hashicorp/kubernetes tf_req_id=c0f7618e-7f40-162c-03ee-5752e4625941 diagnostic_detail="" diagnostic_summary="Waiting for rollout to finish: 1 replicas wanted; 0 replicas Ready" tf_proto_version=5.7 tf_resource_type=kubernetes_deployment @module=sdk.proto timestamp="2025-02-09T03:52:56.481+0200"
2025-02-09T03:52:56.497+0200 [ERROR] vertex "module.prometheus.kubernetes_deployment.reactory_prometheus" error: Waiting for rollout to finish: 1 replicas wanted; 0 replicas Ready
2025-02-09T03:52:56.497+0200 [ERROR] vertex "module.prometheus.kubernetes_deployment.reactory_prometheus" error: execution halted
2025-02-09T03:52:56.497+0200 [ERROR] vertex "module.prometheus.kubernetes_deployment.reactory_prometheus" error: execution halted
2025-02-09T03:52:56.497+0200 [WARN]  terraform: stop complete
2025-02-09T03:52:56.512+0200 [INFO]  provider: plugin process exited: plugin=.terraform/providers/registry.terraform.io/hashicorp/kubernetes/2.35.1/darwin_arm64/terraform-provider-kubernetes_v2.35.1_x5 id=69409
