2025-02-09T03:16:53.550+0200 [INFO]  Terraform version: 1.10.3
2025-02-09T03:16:53.551+0200 [INFO]  Go runtime version: go1.23.3
2025-02-09T03:16:53.551+0200 [INFO]  CLI args: []string{"terraform", "-chdir=./config/reactory/terraform/minikube", "apply"}
2025-02-09T03:16:53.552+0200 [INFO]  CLI command args: []string{"apply"}
2025-02-09T03:16:53.601+0200 [INFO]  backend/local: starting Apply operation
2025-02-09T03:16:53.617+0200 [INFO]  provider: configuring client automatic mTLS
2025-02-09T03:16:54.084+0200 [INFO]  provider.terraform-provider-kubernetes_v2.35.1_x5: configuring server automatic mTLS: timestamp="2025-02-09T03:16:54.084+0200"
2025-02-09T03:16:54.140+0200 [INFO]  provider: plugin process exited: plugin=.terraform/providers/registry.terraform.io/hashicorp/kubernetes/2.35.1/darwin_arm64/terraform-provider-kubernetes_v2.35.1_x5 id=59776
2025-02-09T03:16:54.148+0200 [INFO]  provider: configuring client automatic mTLS
2025-02-09T03:16:54.176+0200 [INFO]  provider.terraform-provider-kubernetes_v2.35.1_x5: configuring server automatic mTLS: timestamp="2025-02-09T03:16:54.176+0200"
2025-02-09T03:16:54.202+0200 [INFO]  provider: plugin process exited: plugin=.terraform/providers/registry.terraform.io/hashicorp/kubernetes/2.35.1/darwin_arm64/terraform-provider-kubernetes_v2.35.1_x5 id=59778
2025-02-09T03:16:54.202+0200 [INFO]  backend/local: apply calling Plan
2025-02-09T03:16:54.209+0200 [INFO]  provider: configuring client automatic mTLS
2025-02-09T03:16:54.237+0200 [INFO]  provider.terraform-provider-kubernetes_v2.35.1_x5: configuring server automatic mTLS: timestamp="2025-02-09T03:16:54.237+0200"
2025-02-09T03:16:54.279+0200 [WARN]  Provider "registry.terraform.io/hashicorp/kubernetes" produced an unexpected new value for kubernetes_namespace.reactory during refresh.
      - Root object was present, but now absent
2025-02-09T03:16:54.279+0200 [WARN]  Provider "registry.terraform.io/hashicorp/kubernetes" produced an unexpected new value for module.mongodb.kubernetes_persistent_volume.mongodb_data during refresh.
      - Root object was present, but now absent
2025-02-09T03:16:54.279+0200 [WARN]  Provider "registry.terraform.io/hashicorp/kubernetes" produced an unexpected new value for module.postgres.kubernetes_persistent_volume.postgres_data during refresh.
      - Root object was present, but now absent
2025-02-09T03:16:54.279+0200 [WARN]  Provider "registry.terraform.io/hashicorp/kubernetes" produced an unexpected new value for module.meilisearch.kubernetes_persistent_volume.meilisearch_data during refresh.
      - Root object was present, but now absent
2025-02-09T03:16:54.279+0200 [WARN]  Provider "registry.terraform.io/hashicorp/kubernetes" produced an unexpected new value for module.redis.kubernetes_persistent_volume.redis_data during refresh.
      - Root object was present, but now absent
2025-02-09T03:16:54.279+0200 [WARN]  Provider "registry.terraform.io/hashicorp/kubernetes" produced an unexpected new value for module.express_server.kubernetes_persistent_volume.reactory_data during refresh.
      - Root object was present, but now absent
2025-02-09T03:16:54.281+0200 [WARN]  Provider "registry.terraform.io/hashicorp/kubernetes" produced an invalid plan for kubernetes_namespace.reactory, but we are tolerating it because it is using the legacy plugin SDK.
    The following problems may be the cause of any confusing errors from downstream operations:
      - .wait_for_default_service_account: planned value cty.False for a non-computed attribute
2025-02-09T03:16:54.288+0200 [WARN]  Provider "registry.terraform.io/hashicorp/kubernetes" produced an invalid plan for module.postgres.kubernetes_persistent_volume.postgres_data, but we are tolerating it because it is using the legacy plugin SDK.
    The following problems may be the cause of any confusing errors from downstream operations:
      - .spec[0].persistent_volume_reclaim_policy: planned value cty.StringVal("Retain") for a non-computed attribute
      - .spec[0].volume_mode: planned value cty.StringVal("Filesystem") for a non-computed attribute
      - .spec[0].claim_ref: attribute representing nested block must not be unknown itself; set nested attribute values to unknown instead
      - .spec[0].node_affinity: attribute representing nested block must not be unknown itself; set nested attribute values to unknown instead
2025-02-09T03:16:54.288+0200 [WARN]  Provider "registry.terraform.io/hashicorp/kubernetes" produced an invalid plan for module.mongodb.kubernetes_persistent_volume.mongodb_data, but we are tolerating it because it is using the legacy plugin SDK.
    The following problems may be the cause of any confusing errors from downstream operations:
      - .spec[0].persistent_volume_reclaim_policy: planned value cty.StringVal("Retain") for a non-computed attribute
      - .spec[0].volume_mode: planned value cty.StringVal("Filesystem") for a non-computed attribute
      - .spec[0].claim_ref: attribute representing nested block must not be unknown itself; set nested attribute values to unknown instead
      - .spec[0].node_affinity: attribute representing nested block must not be unknown itself; set nested attribute values to unknown instead
2025-02-09T03:16:54.288+0200 [WARN]  Provider "registry.terraform.io/hashicorp/kubernetes" produced an invalid plan for module.redis.kubernetes_persistent_volume.redis_data, but we are tolerating it because it is using the legacy plugin SDK.
    The following problems may be the cause of any confusing errors from downstream operations:
      - .spec[0].volume_mode: planned value cty.StringVal("Filesystem") for a non-computed attribute
      - .spec[0].persistent_volume_reclaim_policy: planned value cty.StringVal("Retain") for a non-computed attribute
      - .spec[0].claim_ref: attribute representing nested block must not be unknown itself; set nested attribute values to unknown instead
      - .spec[0].node_affinity: attribute representing nested block must not be unknown itself; set nested attribute values to unknown instead
2025-02-09T03:16:54.288+0200 [WARN]  Provider "registry.terraform.io/hashicorp/kubernetes" produced an invalid plan for module.express_server.kubernetes_persistent_volume.reactory_data, but we are tolerating it because it is using the legacy plugin SDK.
    The following problems may be the cause of any confusing errors from downstream operations:
      - .spec[0].persistent_volume_reclaim_policy: planned value cty.StringVal("Retain") for a non-computed attribute
      - .spec[0].volume_mode: planned value cty.StringVal("Filesystem") for a non-computed attribute
      - .spec[0].claim_ref: attribute representing nested block must not be unknown itself; set nested attribute values to unknown instead
      - .spec[0].node_affinity: attribute representing nested block must not be unknown itself; set nested attribute values to unknown instead
2025-02-09T03:16:54.288+0200 [WARN]  Provider "registry.terraform.io/hashicorp/kubernetes" produced an unexpected new value for module.meilisearch.kubernetes_persistent_volume_claim.meilisearch_data during refresh.
      - Root object was present, but now absent
2025-02-09T03:16:54.289+0200 [WARN]  Provider "registry.terraform.io/hashicorp/kubernetes" produced an unexpected new value for module.grafana.kubernetes_service.reactory_grafana during refresh.
      - Root object was present, but now absent
2025-02-09T03:16:54.289+0200 [WARN]  Provider "registry.terraform.io/hashicorp/kubernetes" produced an unexpected new value for module.pwa_client.kubernetes_service.reactory_nginx during refresh.
      - Root object was present, but now absent
2025-02-09T03:16:54.289+0200 [WARN]  Provider "registry.terraform.io/hashicorp/kubernetes" produced an invalid plan for module.meilisearch.kubernetes_persistent_volume.meilisearch_data, but we are tolerating it because it is using the legacy plugin SDK.
    The following problems may be the cause of any confusing errors from downstream operations:
      - .spec[0].persistent_volume_reclaim_policy: planned value cty.StringVal("Retain") for a non-computed attribute
      - .spec[0].volume_mode: planned value cty.StringVal("Filesystem") for a non-computed attribute
      - .spec[0].claim_ref: attribute representing nested block must not be unknown itself; set nested attribute values to unknown instead
      - .spec[0].node_affinity: attribute representing nested block must not be unknown itself; set nested attribute values to unknown instead
2025-02-09T03:16:54.289+0200 [WARN]  Provider "registry.terraform.io/hashicorp/kubernetes" produced an unexpected new value for module.postgres.kubernetes_persistent_volume_claim.postgres_data during refresh.
      - Root object was present, but now absent
2025-02-09T03:16:54.290+0200 [WARN]  Provider "registry.terraform.io/hashicorp/kubernetes" produced an invalid plan for module.meilisearch.kubernetes_persistent_volume_claim.meilisearch_data, but we are tolerating it because it is using the legacy plugin SDK.
    The following problems may be the cause of any confusing errors from downstream operations:
      - .wait_until_bound: planned value cty.True for a non-computed attribute
2025-02-09T03:16:54.292+0200 [WARN]  Provider "registry.terraform.io/hashicorp/kubernetes" produced an unexpected new value for module.mongodb.kubernetes_persistent_volume_claim.mongodb_data during refresh.
      - Root object was present, but now absent
2025-02-09T03:16:54.293+0200 [WARN]  Provider "registry.terraform.io/hashicorp/kubernetes" produced an invalid plan for module.postgres.kubernetes_persistent_volume_claim.postgres_data, but we are tolerating it because it is using the legacy plugin SDK.
    The following problems may be the cause of any confusing errors from downstream operations:
      - .wait_until_bound: planned value cty.True for a non-computed attribute
2025-02-09T03:16:54.293+0200 [WARN]  Provider "registry.terraform.io/hashicorp/kubernetes" produced an invalid plan for module.pwa_client.kubernetes_service.reactory_nginx, but we are tolerating it because it is using the legacy plugin SDK.
    The following problems may be the cause of any confusing errors from downstream operations:
      - .wait_for_load_balancer: planned value cty.True for a non-computed attribute
      - .spec[0].allocate_load_balancer_node_ports: planned value cty.True for a non-computed attribute
      - .spec[0].session_affinity: planned value cty.StringVal("None") for a non-computed attribute
      - .spec[0].publish_not_ready_addresses: planned value cty.False for a non-computed attribute
      - .spec[0].port[0].protocol: planned value cty.StringVal("TCP") for a non-computed attribute
      - .spec[0].session_affinity_config: attribute representing nested block must not be unknown itself; set nested attribute values to unknown instead
2025-02-09T03:16:54.293+0200 [WARN]  Provider "registry.terraform.io/hashicorp/kubernetes" produced an invalid plan for module.grafana.kubernetes_service.reactory_grafana, but we are tolerating it because it is using the legacy plugin SDK.
    The following problems may be the cause of any confusing errors from downstream operations:
      - .wait_for_load_balancer: planned value cty.True for a non-computed attribute
      - .spec[0].publish_not_ready_addresses: planned value cty.False for a non-computed attribute
      - .spec[0].allocate_load_balancer_node_ports: planned value cty.True for a non-computed attribute
      - .spec[0].session_affinity: planned value cty.StringVal("None") for a non-computed attribute
      - .spec[0].port[0].protocol: planned value cty.StringVal("TCP") for a non-computed attribute
      - .spec[0].session_affinity_config: attribute representing nested block must not be unknown itself; set nested attribute values to unknown instead
2025-02-09T03:16:54.293+0200 [WARN]  Provider "registry.terraform.io/hashicorp/kubernetes" produced an unexpected new value for module.express_server.kubernetes_service.reactory_express_server during refresh.
      - Root object was present, but now absent
2025-02-09T03:16:54.293+0200 [WARN]  Provider "registry.terraform.io/hashicorp/kubernetes" produced an unexpected new value for module.express_server.kubernetes_persistent_volume_claim.reactory_data during refresh.
      - Root object was present, but now absent
2025-02-09T03:16:54.295+0200 [WARN]  Provider "registry.terraform.io/hashicorp/kubernetes" produced an invalid plan for module.mongodb.kubernetes_persistent_volume_claim.mongodb_data, but we are tolerating it because it is using the legacy plugin SDK.
    The following problems may be the cause of any confusing errors from downstream operations:
      - .wait_until_bound: planned value cty.True for a non-computed attribute
2025-02-09T03:16:54.296+0200 [WARN]  Provider "registry.terraform.io/hashicorp/kubernetes" produced an invalid plan for module.express_server.kubernetes_persistent_volume_claim.reactory_data, but we are tolerating it because it is using the legacy plugin SDK.
    The following problems may be the cause of any confusing errors from downstream operations:
      - .wait_until_bound: planned value cty.True for a non-computed attribute
2025-02-09T03:16:54.296+0200 [WARN]  Provider "registry.terraform.io/hashicorp/kubernetes" produced an invalid plan for module.express_server.kubernetes_service.reactory_express_server, but we are tolerating it because it is using the legacy plugin SDK.
    The following problems may be the cause of any confusing errors from downstream operations:
      - .wait_for_load_balancer: planned value cty.True for a non-computed attribute
      - .spec[0].publish_not_ready_addresses: planned value cty.False for a non-computed attribute
      - .spec[0].allocate_load_balancer_node_ports: planned value cty.True for a non-computed attribute
      - .spec[0].session_affinity: planned value cty.StringVal("None") for a non-computed attribute
      - .spec[0].session_affinity_config: attribute representing nested block must not be unknown itself; set nested attribute values to unknown instead
      - .spec[0].port[0].protocol: planned value cty.StringVal("TCP") for a non-computed attribute
2025-02-09T03:16:54.296+0200 [WARN]  Provider "registry.terraform.io/hashicorp/kubernetes" produced an unexpected new value for module.prometheus.kubernetes_service.reactory_prometheus during refresh.
      - Root object was present, but now absent
2025-02-09T03:16:54.298+0200 [WARN]  Provider "registry.terraform.io/hashicorp/kubernetes" produced an unexpected new value for module.redis.kubernetes_persistent_volume_claim.redis_data during refresh.
      - Root object was present, but now absent
2025-02-09T03:16:54.302+0200 [WARN]  Provider "registry.terraform.io/hashicorp/kubernetes" produced an unexpected new value for module.jaeger.kubernetes_service.reactory_jaeger during refresh.
      - Root object was present, but now absent
2025-02-09T03:16:54.302+0200 [WARN]  Provider "registry.terraform.io/hashicorp/kubernetes" produced an invalid plan for module.prometheus.kubernetes_service.reactory_prometheus, but we are tolerating it because it is using the legacy plugin SDK.
    The following problems may be the cause of any confusing errors from downstream operations:
      - .wait_for_load_balancer: planned value cty.True for a non-computed attribute
      - .spec[0].allocate_load_balancer_node_ports: planned value cty.True for a non-computed attribute
      - .spec[0].session_affinity: planned value cty.StringVal("None") for a non-computed attribute
      - .spec[0].publish_not_ready_addresses: planned value cty.False for a non-computed attribute
      - .spec[0].port[0].protocol: planned value cty.StringVal("TCP") for a non-computed attribute
      - .spec[0].session_affinity_config: attribute representing nested block must not be unknown itself; set nested attribute values to unknown instead
2025-02-09T03:16:54.302+0200 [WARN]  Provider "registry.terraform.io/hashicorp/kubernetes" produced an invalid plan for module.redis.kubernetes_persistent_volume_claim.redis_data, but we are tolerating it because it is using the legacy plugin SDK.
    The following problems may be the cause of any confusing errors from downstream operations:
      - .wait_until_bound: planned value cty.True for a non-computed attribute
2025-02-09T03:16:54.303+0200 [WARN]  Provider "registry.terraform.io/hashicorp/kubernetes" produced an unexpected new value for module.pwa_client.kubernetes_deployment.reactory_pwa_client during refresh.
      - Root object was present, but now absent
2025-02-09T03:16:54.304+0200 [WARN]  Provider "registry.terraform.io/hashicorp/kubernetes" produced an invalid plan for module.jaeger.kubernetes_service.reactory_jaeger, but we are tolerating it because it is using the legacy plugin SDK.
    The following problems may be the cause of any confusing errors from downstream operations:
      - .wait_for_load_balancer: planned value cty.True for a non-computed attribute
      - .spec[0].allocate_load_balancer_node_ports: planned value cty.True for a non-computed attribute
      - .spec[0].session_affinity: planned value cty.StringVal("None") for a non-computed attribute
      - .spec[0].publish_not_ready_addresses: planned value cty.False for a non-computed attribute
      - .spec[0].port[0].protocol: planned value cty.StringVal("TCP") for a non-computed attribute
      - .spec[0].port[1].protocol: planned value cty.StringVal("TCP") for a non-computed attribute
      - .spec[0].session_affinity_config: attribute representing nested block must not be unknown itself; set nested attribute values to unknown instead
2025-02-09T03:16:54.305+0200 [WARN]  Provider "registry.terraform.io/hashicorp/kubernetes" produced an unexpected new value for module.prometheus.kubernetes_deployment.reactory_prometheus during refresh.
      - Root object was present, but now absent
2025-02-09T03:16:54.305+0200 [WARN]  Provider "registry.terraform.io/hashicorp/kubernetes" produced an unexpected new value for module.grafana.kubernetes_deployment.reactory_grafana during refresh.
      - Root object was present, but now absent
2025-02-09T03:16:54.309+0200 [WARN]  Provider "registry.terraform.io/hashicorp/kubernetes" produced an unexpected new value for module.jaeger.kubernetes_deployment.reactory_jaeger during refresh.
      - Root object was present, but now absent
2025-02-09T03:16:54.314+0200 [WARN]  Provider "registry.terraform.io/hashicorp/kubernetes" produced an unexpected new value for module.meilisearch.kubernetes_deployment.reactory_meilisearch during refresh.
      - Root object was present, but now absent
2025-02-09T03:16:54.314+0200 [WARN]  Provider "registry.terraform.io/hashicorp/kubernetes" produced an unexpected new value for module.postgres.kubernetes_deployment.reactory_postgres during refresh.
      - Root object was present, but now absent
2025-02-09T03:16:54.315+0200 [WARN]  Provider "registry.terraform.io/hashicorp/kubernetes" produced an unexpected new value for module.mongodb.kubernetes_deployment.reactory_mongodb during refresh.
      - Root object was present, but now absent
2025-02-09T03:16:54.322+0200 [WARN]  Provider "registry.terraform.io/hashicorp/kubernetes" produced an invalid plan for module.pwa_client.kubernetes_deployment.reactory_pwa_client, but we are tolerating it because it is using the legacy plugin SDK.
    The following problems may be the cause of any confusing errors from downstream operations:
      - .wait_for_rollout: planned value cty.True for a non-computed attribute
      - .spec[0].min_ready_seconds: planned value cty.NumberIntVal(0) for a non-computed attribute
      - .spec[0].paused: planned value cty.False for a non-computed attribute
      - .spec[0].progress_deadline_seconds: planned value cty.NumberIntVal(600) for a non-computed attribute
      - .spec[0].revision_history_limit: planned value cty.NumberIntVal(10) for a non-computed attribute
      - .spec[0].template[0].spec[0].enable_service_links: planned value cty.True for a non-computed attribute
      - .spec[0].template[0].spec[0].host_ipc: planned value cty.False for a non-computed attribute
      - .spec[0].template[0].spec[0].automount_service_account_token: planned value cty.True for a non-computed attribute
      - .spec[0].template[0].spec[0].host_pid: planned value cty.False for a non-computed attribute
      - .spec[0].template[0].spec[0].host_network: planned value cty.False for a non-computed attribute
      - .spec[0].template[0].spec[0].share_process_namespace: planned value cty.False for a non-computed attribute
      - .spec[0].template[0].spec[0].dns_policy: planned value cty.StringVal("ClusterFirst") for a non-computed attribute
      - .spec[0].template[0].spec[0].restart_policy: planned value cty.StringVal("Always") for a non-computed attribute
      - .spec[0].template[0].spec[0].termination_grace_period_seconds: planned value cty.NumberIntVal(30) for a non-computed attribute
      - .spec[0].template[0].spec[0].readiness_gate: attribute representing nested block must not be unknown itself; set nested attribute values to unknown instead
      - .spec[0].template[0].spec[0].container[0].termination_message_path: planned value cty.StringVal("/dev/termination-log") for a non-computed attribute
      - .spec[0].template[0].spec[0].container[0].stdin: planned value cty.False for a non-computed attribute
      - .spec[0].template[0].spec[0].container[0].stdin_once: planned value cty.False for a non-computed attribute
      - .spec[0].template[0].spec[0].container[0].tty: planned value cty.False for a non-computed attribute
      - .spec[0].template[0].spec[0].container[0].port[0].protocol: planned value cty.StringVal("TCP") for a non-computed attribute
      - .spec[0].template[0].spec[0].container[0].resources: attribute representing nested block must not be unknown itself; set nested attribute values to unknown instead
      - .spec[0].template[0].spec[0].image_pull_secrets: attribute representing nested block must not be unknown itself; set nested attribute values to unknown instead
      - .spec[0].strategy: attribute representing nested block must not be unknown itself; set nested attribute values to unknown instead
2025-02-09T03:16:54.322+0200 [WARN]  Provider "registry.terraform.io/hashicorp/kubernetes" produced an unexpected new value for module.express_server.kubernetes_deployment.reactory_express_server during refresh.
      - Root object was present, but now absent
2025-02-09T03:16:54.322+0200 [WARN]  Provider "registry.terraform.io/hashicorp/kubernetes" produced an unexpected new value for module.redis.kubernetes_deployment.reactory_redis during refresh.
      - Root object was present, but now absent
2025-02-09T03:16:54.323+0200 [WARN]  Provider "registry.terraform.io/hashicorp/kubernetes" produced an invalid plan for module.prometheus.kubernetes_deployment.reactory_prometheus, but we are tolerating it because it is using the legacy plugin SDK.
    The following problems may be the cause of any confusing errors from downstream operations:
      - .wait_for_rollout: planned value cty.True for a non-computed attribute
      - .spec[0].min_ready_seconds: planned value cty.NumberIntVal(0) for a non-computed attribute
      - .spec[0].paused: planned value cty.False for a non-computed attribute
      - .spec[0].progress_deadline_seconds: planned value cty.NumberIntVal(600) for a non-computed attribute
      - .spec[0].revision_history_limit: planned value cty.NumberIntVal(10) for a non-computed attribute
      - .spec[0].template[0].spec[0].host_network: planned value cty.False for a non-computed attribute
      - .spec[0].template[0].spec[0].share_process_namespace: planned value cty.False for a non-computed attribute
      - .spec[0].template[0].spec[0].dns_policy: planned value cty.StringVal("ClusterFirst") for a non-computed attribute
      - .spec[0].template[0].spec[0].restart_policy: planned value cty.StringVal("Always") for a non-computed attribute
      - .spec[0].template[0].spec[0].termination_grace_period_seconds: planned value cty.NumberIntVal(30) for a non-computed attribute
      - .spec[0].template[0].spec[0].enable_service_links: planned value cty.True for a non-computed attribute
      - .spec[0].template[0].spec[0].host_ipc: planned value cty.False for a non-computed attribute
      - .spec[0].template[0].spec[0].automount_service_account_token: planned value cty.True for a non-computed attribute
      - .spec[0].template[0].spec[0].host_pid: planned value cty.False for a non-computed attribute
      - .spec[0].template[0].spec[0].container[0].stdin: planned value cty.False for a non-computed attribute
      - .spec[0].template[0].spec[0].container[0].stdin_once: planned value cty.False for a non-computed attribute
      - .spec[0].template[0].spec[0].container[0].termination_message_path: planned value cty.StringVal("/dev/termination-log") for a non-computed attribute
      - .spec[0].template[0].spec[0].container[0].tty: planned value cty.False for a non-computed attribute
      - .spec[0].template[0].spec[0].container[0].resources: attribute representing nested block must not be unknown itself; set nested attribute values to unknown instead
      - .spec[0].template[0].spec[0].container[0].volume_mount[0].mount_propagation: planned value cty.StringVal("None") for a non-computed attribute
      - .spec[0].template[0].spec[0].container[0].volume_mount[0].read_only: planned value cty.False for a non-computed attribute
      - .spec[0].template[0].spec[0].image_pull_secrets: attribute representing nested block must not be unknown itself; set nested attribute values to unknown instead
      - .spec[0].template[0].spec[0].readiness_gate: attribute representing nested block must not be unknown itself; set nested attribute values to unknown instead
      - .spec[0].strategy: attribute representing nested block must not be unknown itself; set nested attribute values to unknown instead
2025-02-09T03:16:54.329+0200 [WARN]  Provider "registry.terraform.io/hashicorp/kubernetes" produced an invalid plan for module.grafana.kubernetes_deployment.reactory_grafana, but we are tolerating it because it is using the legacy plugin SDK.
    The following problems may be the cause of any confusing errors from downstream operations:
      - .wait_for_rollout: planned value cty.True for a non-computed attribute
      - .spec[0].min_ready_seconds: planned value cty.NumberIntVal(0) for a non-computed attribute
      - .spec[0].paused: planned value cty.False for a non-computed attribute
      - .spec[0].progress_deadline_seconds: planned value cty.NumberIntVal(600) for a non-computed attribute
      - .spec[0].revision_history_limit: planned value cty.NumberIntVal(10) for a non-computed attribute
      - .spec[0].strategy: attribute representing nested block must not be unknown itself; set nested attribute values to unknown instead
      - .spec[0].template[0].spec[0].share_process_namespace: planned value cty.False for a non-computed attribute
      - .spec[0].template[0].spec[0].host_network: planned value cty.False for a non-computed attribute
      - .spec[0].template[0].spec[0].restart_policy: planned value cty.StringVal("Always") for a non-computed attribute
      - .spec[0].template[0].spec[0].termination_grace_period_seconds: planned value cty.NumberIntVal(30) for a non-computed attribute
      - .spec[0].template[0].spec[0].dns_policy: planned value cty.StringVal("ClusterFirst") for a non-computed attribute
      - .spec[0].template[0].spec[0].enable_service_links: planned value cty.True for a non-computed attribute
      - .spec[0].template[0].spec[0].host_ipc: planned value cty.False for a non-computed attribute
      - .spec[0].template[0].spec[0].automount_service_account_token: planned value cty.True for a non-computed attribute
      - .spec[0].template[0].spec[0].host_pid: planned value cty.False for a non-computed attribute
      - .spec[0].template[0].spec[0].image_pull_secrets: attribute representing nested block must not be unknown itself; set nested attribute values to unknown instead
      - .spec[0].template[0].spec[0].readiness_gate: attribute representing nested block must not be unknown itself; set nested attribute values to unknown instead
      - .spec[0].template[0].spec[0].container[0].stdin_once: planned value cty.False for a non-computed attribute
      - .spec[0].template[0].spec[0].container[0].termination_message_path: planned value cty.StringVal("/dev/termination-log") for a non-computed attribute
      - .spec[0].template[0].spec[0].container[0].stdin: planned value cty.False for a non-computed attribute
      - .spec[0].template[0].spec[0].container[0].tty: planned value cty.False for a non-computed attribute
      - .spec[0].template[0].spec[0].container[0].volume_mount[0].read_only: planned value cty.False for a non-computed attribute
      - .spec[0].template[0].spec[0].container[0].volume_mount[0].mount_propagation: planned value cty.StringVal("None") for a non-computed attribute
      - .spec[0].template[0].spec[0].container[0].volume_mount[1].mount_propagation: planned value cty.StringVal("None") for a non-computed attribute
      - .spec[0].template[0].spec[0].container[0].volume_mount[1].read_only: planned value cty.False for a non-computed attribute
      - .spec[0].template[0].spec[0].container[0].resources: attribute representing nested block must not be unknown itself; set nested attribute values to unknown instead
2025-02-09T03:16:54.330+0200 [WARN]  Provider "registry.terraform.io/hashicorp/kubernetes" produced an invalid plan for module.jaeger.kubernetes_deployment.reactory_jaeger, but we are tolerating it because it is using the legacy plugin SDK.
    The following problems may be the cause of any confusing errors from downstream operations:
      - .wait_for_rollout: planned value cty.True for a non-computed attribute
      - .spec[0].revision_history_limit: planned value cty.NumberIntVal(10) for a non-computed attribute
      - .spec[0].min_ready_seconds: planned value cty.NumberIntVal(0) for a non-computed attribute
      - .spec[0].paused: planned value cty.False for a non-computed attribute
      - .spec[0].progress_deadline_seconds: planned value cty.NumberIntVal(600) for a non-computed attribute
      - .spec[0].strategy: attribute representing nested block must not be unknown itself; set nested attribute values to unknown instead
      - .spec[0].template[0].spec[0].termination_grace_period_seconds: planned value cty.NumberIntVal(30) for a non-computed attribute
      - .spec[0].template[0].spec[0].dns_policy: planned value cty.StringVal("ClusterFirst") for a non-computed attribute
      - .spec[0].template[0].spec[0].restart_policy: planned value cty.StringVal("Always") for a non-computed attribute
      - .spec[0].template[0].spec[0].enable_service_links: planned value cty.True for a non-computed attribute
      - .spec[0].template[0].spec[0].host_ipc: planned value cty.False for a non-computed attribute
      - .spec[0].template[0].spec[0].automount_service_account_token: planned value cty.True for a non-computed attribute
      - .spec[0].template[0].spec[0].host_pid: planned value cty.False for a non-computed attribute
      - .spec[0].template[0].spec[0].host_network: planned value cty.False for a non-computed attribute
      - .spec[0].template[0].spec[0].share_process_namespace: planned value cty.False for a non-computed attribute
      - .spec[0].template[0].spec[0].container[0].stdin: planned value cty.False for a non-computed attribute
      - .spec[0].template[0].spec[0].container[0].stdin_once: planned value cty.False for a non-computed attribute
      - .spec[0].template[0].spec[0].container[0].termination_message_path: planned value cty.StringVal("/dev/termination-log") for a non-computed attribute
      - .spec[0].template[0].spec[0].container[0].tty: planned value cty.False for a non-computed attribute
      - .spec[0].template[0].spec[0].container[0].resources: attribute representing nested block must not be unknown itself; set nested attribute values to unknown instead
      - .spec[0].template[0].spec[0].container[0].port[0].protocol: planned value cty.StringVal("TCP") for a non-computed attribute
      - .spec[0].template[0].spec[0].container[0].port[1].protocol: planned value cty.StringVal("TCP") for a non-computed attribute
      - .spec[0].template[0].spec[0].image_pull_secrets: attribute representing nested block must not be unknown itself; set nested attribute values to unknown instead
      - .spec[0].template[0].spec[0].readiness_gate: attribute representing nested block must not be unknown itself; set nested attribute values to unknown instead
2025-02-09T03:16:54.333+0200 [WARN]  Provider "registry.terraform.io/hashicorp/kubernetes" produced an invalid plan for module.postgres.kubernetes_deployment.reactory_postgres, but we are tolerating it because it is using the legacy plugin SDK.
    The following problems may be the cause of any confusing errors from downstream operations:
      - .wait_for_rollout: planned value cty.True for a non-computed attribute
      - .spec[0].revision_history_limit: planned value cty.NumberIntVal(10) for a non-computed attribute
      - .spec[0].min_ready_seconds: planned value cty.NumberIntVal(0) for a non-computed attribute
      - .spec[0].paused: planned value cty.False for a non-computed attribute
      - .spec[0].progress_deadline_seconds: planned value cty.NumberIntVal(600) for a non-computed attribute
      - .spec[0].strategy: attribute representing nested block must not be unknown itself; set nested attribute values to unknown instead
      - .spec[0].template[0].spec[0].share_process_namespace: planned value cty.False for a non-computed attribute
      - .spec[0].template[0].spec[0].host_network: planned value cty.False for a non-computed attribute
      - .spec[0].template[0].spec[0].dns_policy: planned value cty.StringVal("ClusterFirst") for a non-computed attribute
      - .spec[0].template[0].spec[0].restart_policy: planned value cty.StringVal("Always") for a non-computed attribute
      - .spec[0].template[0].spec[0].termination_grace_period_seconds: planned value cty.NumberIntVal(30) for a non-computed attribute
      - .spec[0].template[0].spec[0].host_ipc: planned value cty.False for a non-computed attribute
      - .spec[0].template[0].spec[0].enable_service_links: planned value cty.True for a non-computed attribute
      - .spec[0].template[0].spec[0].host_pid: planned value cty.False for a non-computed attribute
      - .spec[0].template[0].spec[0].automount_service_account_token: planned value cty.True for a non-computed attribute
      - .spec[0].template[0].spec[0].image_pull_secrets: attribute representing nested block must not be unknown itself; set nested attribute values to unknown instead
      - .spec[0].template[0].spec[0].readiness_gate: attribute representing nested block must not be unknown itself; set nested attribute values to unknown instead
      - .spec[0].template[0].spec[0].container[0].stdin: planned value cty.False for a non-computed attribute
      - .spec[0].template[0].spec[0].container[0].stdin_once: planned value cty.False for a non-computed attribute
      - .spec[0].template[0].spec[0].container[0].termination_message_path: planned value cty.StringVal("/dev/termination-log") for a non-computed attribute
      - .spec[0].template[0].spec[0].container[0].tty: planned value cty.False for a non-computed attribute
      - .spec[0].template[0].spec[0].container[0].resources: attribute representing nested block must not be unknown itself; set nested attribute values to unknown instead
      - .spec[0].template[0].spec[0].container[0].volume_mount[0].mount_propagation: planned value cty.StringVal("None") for a non-computed attribute
      - .spec[0].template[0].spec[0].container[0].volume_mount[0].read_only: planned value cty.False for a non-computed attribute
      - .spec[0].template[0].spec[0].volume[0].persistent_volume_claim[0].read_only: planned value cty.False for a non-computed attribute
2025-02-09T03:16:54.333+0200 [WARN]  Provider "registry.terraform.io/hashicorp/kubernetes" produced an invalid plan for module.meilisearch.kubernetes_deployment.reactory_meilisearch, but we are tolerating it because it is using the legacy plugin SDK.
    The following problems may be the cause of any confusing errors from downstream operations:
      - .wait_for_rollout: planned value cty.True for a non-computed attribute
      - .spec[0].min_ready_seconds: planned value cty.NumberIntVal(0) for a non-computed attribute
      - .spec[0].paused: planned value cty.False for a non-computed attribute
      - .spec[0].progress_deadline_seconds: planned value cty.NumberIntVal(600) for a non-computed attribute
      - .spec[0].revision_history_limit: planned value cty.NumberIntVal(10) for a non-computed attribute
      - .spec[0].template[0].spec[0].host_network: planned value cty.False for a non-computed attribute
      - .spec[0].template[0].spec[0].share_process_namespace: planned value cty.False for a non-computed attribute
      - .spec[0].template[0].spec[0].dns_policy: planned value cty.StringVal("ClusterFirst") for a non-computed attribute
      - .spec[0].template[0].spec[0].restart_policy: planned value cty.StringVal("Always") for a non-computed attribute
      - .spec[0].template[0].spec[0].termination_grace_period_seconds: planned value cty.NumberIntVal(30) for a non-computed attribute
      - .spec[0].template[0].spec[0].enable_service_links: planned value cty.True for a non-computed attribute
      - .spec[0].template[0].spec[0].host_ipc: planned value cty.False for a non-computed attribute
      - .spec[0].template[0].spec[0].automount_service_account_token: planned value cty.True for a non-computed attribute
      - .spec[0].template[0].spec[0].host_pid: planned value cty.False for a non-computed attribute
      - .spec[0].template[0].spec[0].container[0].stdin: planned value cty.False for a non-computed attribute
      - .spec[0].template[0].spec[0].container[0].stdin_once: planned value cty.False for a non-computed attribute
      - .spec[0].template[0].spec[0].container[0].termination_message_path: planned value cty.StringVal("/dev/termination-log") for a non-computed attribute
      - .spec[0].template[0].spec[0].container[0].tty: planned value cty.False for a non-computed attribute
      - .spec[0].template[0].spec[0].container[0].resources: attribute representing nested block must not be unknown itself; set nested attribute values to unknown instead
      - .spec[0].template[0].spec[0].container[0].volume_mount[0].read_only: planned value cty.False for a non-computed attribute
      - .spec[0].template[0].spec[0].container[0].volume_mount[0].mount_propagation: planned value cty.StringVal("None") for a non-computed attribute
      - .spec[0].template[0].spec[0].image_pull_secrets: attribute representing nested block must not be unknown itself; set nested attribute values to unknown instead
      - .spec[0].template[0].spec[0].readiness_gate: attribute representing nested block must not be unknown itself; set nested attribute values to unknown instead
      - .spec[0].template[0].spec[0].volume[0].persistent_volume_claim[0].read_only: planned value cty.False for a non-computed attribute
      - .spec[0].strategy: attribute representing nested block must not be unknown itself; set nested attribute values to unknown instead
2025-02-09T03:16:54.334+0200 [WARN]  Provider "registry.terraform.io/hashicorp/kubernetes" produced an invalid plan for module.mongodb.kubernetes_deployment.reactory_mongodb, but we are tolerating it because it is using the legacy plugin SDK.
    The following problems may be the cause of any confusing errors from downstream operations:
      - .wait_for_rollout: planned value cty.True for a non-computed attribute
      - .spec[0].min_ready_seconds: planned value cty.NumberIntVal(0) for a non-computed attribute
      - .spec[0].paused: planned value cty.False for a non-computed attribute
      - .spec[0].progress_deadline_seconds: planned value cty.NumberIntVal(600) for a non-computed attribute
      - .spec[0].revision_history_limit: planned value cty.NumberIntVal(10) for a non-computed attribute
      - .spec[0].strategy: attribute representing nested block must not be unknown itself; set nested attribute values to unknown instead
      - .spec[0].template[0].spec[0].termination_grace_period_seconds: planned value cty.NumberIntVal(30) for a non-computed attribute
      - .spec[0].template[0].spec[0].dns_policy: planned value cty.StringVal("ClusterFirst") for a non-computed attribute
      - .spec[0].template[0].spec[0].restart_policy: planned value cty.StringVal("Always") for a non-computed attribute
      - .spec[0].template[0].spec[0].enable_service_links: planned value cty.True for a non-computed attribute
      - .spec[0].template[0].spec[0].host_ipc: planned value cty.False for a non-computed attribute
      - .spec[0].template[0].spec[0].automount_service_account_token: planned value cty.True for a non-computed attribute
      - .spec[0].template[0].spec[0].host_pid: planned value cty.False for a non-computed attribute
      - .spec[0].template[0].spec[0].host_network: planned value cty.False for a non-computed attribute
      - .spec[0].template[0].spec[0].share_process_namespace: planned value cty.False for a non-computed attribute
      - .spec[0].template[0].spec[0].container[0].stdin: planned value cty.False for a non-computed attribute
      - .spec[0].template[0].spec[0].container[0].stdin_once: planned value cty.False for a non-computed attribute
      - .spec[0].template[0].spec[0].container[0].termination_message_path: planned value cty.StringVal("/dev/termination-log") for a non-computed attribute
      - .spec[0].template[0].spec[0].container[0].tty: planned value cty.False for a non-computed attribute
      - .spec[0].template[0].spec[0].container[0].volume_mount[0].mount_propagation: planned value cty.StringVal("None") for a non-computed attribute
      - .spec[0].template[0].spec[0].container[0].volume_mount[0].read_only: planned value cty.False for a non-computed attribute
      - .spec[0].template[0].spec[0].container[0].resources: attribute representing nested block must not be unknown itself; set nested attribute values to unknown instead
      - .spec[0].template[0].spec[0].image_pull_secrets: attribute representing nested block must not be unknown itself; set nested attribute values to unknown instead
      - .spec[0].template[0].spec[0].readiness_gate: attribute representing nested block must not be unknown itself; set nested attribute values to unknown instead
      - .spec[0].template[0].spec[0].volume[0].persistent_volume_claim[0].read_only: planned value cty.False for a non-computed attribute
2025-02-09T03:16:54.339+0200 [WARN]  Provider "registry.terraform.io/hashicorp/kubernetes" produced an invalid plan for module.redis.kubernetes_deployment.reactory_redis, but we are tolerating it because it is using the legacy plugin SDK.
    The following problems may be the cause of any confusing errors from downstream operations:
      - .wait_for_rollout: planned value cty.True for a non-computed attribute
      - .spec[0].progress_deadline_seconds: planned value cty.NumberIntVal(600) for a non-computed attribute
      - .spec[0].revision_history_limit: planned value cty.NumberIntVal(10) for a non-computed attribute
      - .spec[0].min_ready_seconds: planned value cty.NumberIntVal(0) for a non-computed attribute
      - .spec[0].paused: planned value cty.False for a non-computed attribute
      - .spec[0].template[0].spec[0].enable_service_links: planned value cty.True for a non-computed attribute
      - .spec[0].template[0].spec[0].host_ipc: planned value cty.False for a non-computed attribute
      - .spec[0].template[0].spec[0].automount_service_account_token: planned value cty.True for a non-computed attribute
      - .spec[0].template[0].spec[0].host_pid: planned value cty.False for a non-computed attribute
      - .spec[0].template[0].spec[0].host_network: planned value cty.False for a non-computed attribute
      - .spec[0].template[0].spec[0].share_process_namespace: planned value cty.False for a non-computed attribute
      - .spec[0].template[0].spec[0].termination_grace_period_seconds: planned value cty.NumberIntVal(30) for a non-computed attribute
      - .spec[0].template[0].spec[0].dns_policy: planned value cty.StringVal("ClusterFirst") for a non-computed attribute
      - .spec[0].template[0].spec[0].restart_policy: planned value cty.StringVal("Always") for a non-computed attribute
      - .spec[0].template[0].spec[0].volume[0].persistent_volume_claim[0].read_only: planned value cty.False for a non-computed attribute
      - .spec[0].template[0].spec[0].container[0].stdin_once: planned value cty.False for a non-computed attribute
      - .spec[0].template[0].spec[0].container[0].termination_message_path: planned value cty.StringVal("/dev/termination-log") for a non-computed attribute
      - .spec[0].template[0].spec[0].container[0].stdin: planned value cty.False for a non-computed attribute
      - .spec[0].template[0].spec[0].container[0].tty: planned value cty.False for a non-computed attribute
      - .spec[0].template[0].spec[0].container[0].resources: attribute representing nested block must not be unknown itself; set nested attribute values to unknown instead
      - .spec[0].template[0].spec[0].container[0].volume_mount[0].mount_propagation: planned value cty.StringVal("None") for a non-computed attribute
      - .spec[0].template[0].spec[0].container[0].volume_mount[0].read_only: planned value cty.False for a non-computed attribute
      - .spec[0].template[0].spec[0].image_pull_secrets: attribute representing nested block must not be unknown itself; set nested attribute values to unknown instead
      - .spec[0].template[0].spec[0].readiness_gate: attribute representing nested block must not be unknown itself; set nested attribute values to unknown instead
      - .spec[0].strategy: attribute representing nested block must not be unknown itself; set nested attribute values to unknown instead
2025-02-09T03:16:54.340+0200 [WARN]  Provider "registry.terraform.io/hashicorp/kubernetes" produced an invalid plan for module.express_server.kubernetes_deployment.reactory_express_server, but we are tolerating it because it is using the legacy plugin SDK.
    The following problems may be the cause of any confusing errors from downstream operations:
      - .wait_for_rollout: planned value cty.True for a non-computed attribute
      - .spec[0].min_ready_seconds: planned value cty.NumberIntVal(0) for a non-computed attribute
      - .spec[0].paused: planned value cty.False for a non-computed attribute
      - .spec[0].progress_deadline_seconds: planned value cty.NumberIntVal(600) for a non-computed attribute
      - .spec[0].revision_history_limit: planned value cty.NumberIntVal(10) for a non-computed attribute
      - .spec[0].strategy: attribute representing nested block must not be unknown itself; set nested attribute values to unknown instead
      - .spec[0].template[0].spec[0].automount_service_account_token: planned value cty.True for a non-computed attribute
      - .spec[0].template[0].spec[0].host_pid: planned value cty.False for a non-computed attribute
      - .spec[0].template[0].spec[0].share_process_namespace: planned value cty.False for a non-computed attribute
      - .spec[0].template[0].spec[0].host_network: planned value cty.False for a non-computed attribute
      - .spec[0].template[0].spec[0].restart_policy: planned value cty.StringVal("Always") for a non-computed attribute
      - .spec[0].template[0].spec[0].termination_grace_period_seconds: planned value cty.NumberIntVal(30) for a non-computed attribute
      - .spec[0].template[0].spec[0].dns_policy: planned value cty.StringVal("ClusterFirst") for a non-computed attribute
      - .spec[0].template[0].spec[0].enable_service_links: planned value cty.True for a non-computed attribute
      - .spec[0].template[0].spec[0].host_ipc: planned value cty.False for a non-computed attribute
      - .spec[0].template[0].spec[0].container[0].stdin: planned value cty.False for a non-computed attribute
      - .spec[0].template[0].spec[0].container[0].stdin_once: planned value cty.False for a non-computed attribute
      - .spec[0].template[0].spec[0].container[0].termination_message_path: planned value cty.StringVal("/dev/termination-log") for a non-computed attribute
      - .spec[0].template[0].spec[0].container[0].tty: planned value cty.False for a non-computed attribute
      - .spec[0].template[0].spec[0].container[0].volume_mount[0].mount_propagation: planned value cty.StringVal("None") for a non-computed attribute
      - .spec[0].template[0].spec[0].container[0].volume_mount[0].read_only: planned value cty.False for a non-computed attribute
      - .spec[0].template[0].spec[0].container[0].volume_mount[1].mount_propagation: planned value cty.StringVal("None") for a non-computed attribute
      - .spec[0].template[0].spec[0].container[0].volume_mount[1].read_only: planned value cty.False for a non-computed attribute
      - .spec[0].template[0].spec[0].container[0].resources: attribute representing nested block must not be unknown itself; set nested attribute values to unknown instead
      - .spec[0].template[0].spec[0].image_pull_secrets: attribute representing nested block must not be unknown itself; set nested attribute values to unknown instead
      - .spec[0].template[0].spec[0].readiness_gate: attribute representing nested block must not be unknown itself; set nested attribute values to unknown instead
      - .spec[0].template[0].spec[0].volume[0].persistent_volume_claim[0].read_only: planned value cty.False for a non-computed attribute
2025-02-09T03:16:54.343+0200 [INFO]  provider: plugin process exited: plugin=.terraform/providers/registry.terraform.io/hashicorp/kubernetes/2.35.1/darwin_arm64/terraform-provider-kubernetes_v2.35.1_x5 id=59779
2025-02-09T03:16:57.502+0200 [INFO]  backend/local: apply calling Apply
2025-02-09T03:16:57.531+0200 [INFO]  provider: configuring client automatic mTLS
2025-02-09T03:16:57.574+0200 [INFO]  provider.terraform-provider-kubernetes_v2.35.1_x5: configuring server automatic mTLS: timestamp="2025-02-09T03:16:57.574+0200"
2025-02-09T03:16:57.595+0200 [WARN]  Provider "registry.terraform.io/hashicorp/kubernetes" produced an invalid plan for kubernetes_namespace.reactory, but we are tolerating it because it is using the legacy plugin SDK.
    The following problems may be the cause of any confusing errors from downstream operations:
      - .wait_for_default_service_account: planned value cty.False for a non-computed attribute
2025-02-09T03:16:57.595+0200 [INFO]  Starting apply for kubernetes_namespace.reactory
2025-02-09T03:16:57.600+0200 [WARN]  Provider "registry.terraform.io/hashicorp/kubernetes" produced an invalid plan for module.redis.kubernetes_persistent_volume.redis_data, but we are tolerating it because it is using the legacy plugin SDK.
    The following problems may be the cause of any confusing errors from downstream operations:
      - .spec[0].persistent_volume_reclaim_policy: planned value cty.StringVal("Retain") for a non-computed attribute
      - .spec[0].volume_mode: planned value cty.StringVal("Filesystem") for a non-computed attribute
      - .spec[0].claim_ref: attribute representing nested block must not be unknown itself; set nested attribute values to unknown instead
      - .spec[0].node_affinity: attribute representing nested block must not be unknown itself; set nested attribute values to unknown instead
2025-02-09T03:16:57.600+0200 [WARN]  Provider "registry.terraform.io/hashicorp/kubernetes" produced an invalid plan for module.express_server.kubernetes_persistent_volume.reactory_data, but we are tolerating it because it is using the legacy plugin SDK.
    The following problems may be the cause of any confusing errors from downstream operations:
      - .spec[0].persistent_volume_reclaim_policy: planned value cty.StringVal("Retain") for a non-computed attribute
      - .spec[0].volume_mode: planned value cty.StringVal("Filesystem") for a non-computed attribute
      - .spec[0].claim_ref: attribute representing nested block must not be unknown itself; set nested attribute values to unknown instead
      - .spec[0].node_affinity: attribute representing nested block must not be unknown itself; set nested attribute values to unknown instead
2025-02-09T03:16:57.600+0200 [INFO]  Starting apply for module.redis.kubernetes_persistent_volume.redis_data
2025-02-09T03:16:57.600+0200 [INFO]  Starting apply for module.express_server.kubernetes_persistent_volume.reactory_data
2025-02-09T03:16:57.600+0200 [WARN]  Provider "registry.terraform.io/hashicorp/kubernetes" produced an invalid plan for module.meilisearch.kubernetes_persistent_volume.meilisearch_data, but we are tolerating it because it is using the legacy plugin SDK.
    The following problems may be the cause of any confusing errors from downstream operations:
      - .spec[0].persistent_volume_reclaim_policy: planned value cty.StringVal("Retain") for a non-computed attribute
      - .spec[0].volume_mode: planned value cty.StringVal("Filesystem") for a non-computed attribute
      - .spec[0].node_affinity: attribute representing nested block must not be unknown itself; set nested attribute values to unknown instead
      - .spec[0].claim_ref: attribute representing nested block must not be unknown itself; set nested attribute values to unknown instead
2025-02-09T03:16:57.600+0200 [WARN]  Provider "registry.terraform.io/hashicorp/kubernetes" produced an invalid plan for module.mongodb.kubernetes_persistent_volume.mongodb_data, but we are tolerating it because it is using the legacy plugin SDK.
    The following problems may be the cause of any confusing errors from downstream operations:
      - .spec[0].persistent_volume_reclaim_policy: planned value cty.StringVal("Retain") for a non-computed attribute
      - .spec[0].volume_mode: planned value cty.StringVal("Filesystem") for a non-computed attribute
      - .spec[0].claim_ref: attribute representing nested block must not be unknown itself; set nested attribute values to unknown instead
      - .spec[0].node_affinity: attribute representing nested block must not be unknown itself; set nested attribute values to unknown instead
2025-02-09T03:16:57.600+0200 [WARN]  Provider "registry.terraform.io/hashicorp/kubernetes" produced an invalid plan for module.postgres.kubernetes_persistent_volume.postgres_data, but we are tolerating it because it is using the legacy plugin SDK.
    The following problems may be the cause of any confusing errors from downstream operations:
      - .spec[0].persistent_volume_reclaim_policy: planned value cty.StringVal("Retain") for a non-computed attribute
      - .spec[0].volume_mode: planned value cty.StringVal("Filesystem") for a non-computed attribute
      - .spec[0].claim_ref: attribute representing nested block must not be unknown itself; set nested attribute values to unknown instead
      - .spec[0].node_affinity: attribute representing nested block must not be unknown itself; set nested attribute values to unknown instead
2025-02-09T03:16:57.600+0200 [INFO]  Starting apply for module.meilisearch.kubernetes_persistent_volume.meilisearch_data
2025-02-09T03:16:57.600+0200 [INFO]  Starting apply for module.mongodb.kubernetes_persistent_volume.mongodb_data
2025-02-09T03:16:57.600+0200 [INFO]  Starting apply for module.postgres.kubernetes_persistent_volume.postgres_data
2025-02-09T03:16:57.634+0200 [WARN]  Provider "provider[\"registry.terraform.io/hashicorp/kubernetes\"]" produced an unexpected new value for kubernetes_namespace.reactory, but we are tolerating it because it is using the legacy plugin SDK.
    The following problems may be the cause of any confusing errors from downstream operations:
      - .metadata[0].generate_name: was null, but now cty.StringVal("")
2025-02-09T03:16:57.650+0200 [WARN]  Provider "registry.terraform.io/hashicorp/kubernetes" produced an invalid plan for module.postgres.kubernetes_persistent_volume_claim.postgres_data, but we are tolerating it because it is using the legacy plugin SDK.
    The following problems may be the cause of any confusing errors from downstream operations:
      - .wait_until_bound: planned value cty.True for a non-computed attribute
2025-02-09T03:16:57.650+0200 [INFO]  Starting apply for module.postgres.kubernetes_persistent_volume_claim.postgres_data
2025-02-09T03:16:57.650+0200 [WARN]  Provider "registry.terraform.io/hashicorp/kubernetes" produced an invalid plan for module.express_server.kubernetes_persistent_volume_claim.reactory_data, but we are tolerating it because it is using the legacy plugin SDK.
    The following problems may be the cause of any confusing errors from downstream operations:
      - .wait_until_bound: planned value cty.True for a non-computed attribute
2025-02-09T03:16:57.650+0200 [INFO]  Starting apply for module.express_server.kubernetes_persistent_volume_claim.reactory_data
2025-02-09T03:16:57.651+0200 [WARN]  Provider "registry.terraform.io/hashicorp/kubernetes" produced an invalid plan for module.jaeger.kubernetes_service.reactory_jaeger, but we are tolerating it because it is using the legacy plugin SDK.
    The following problems may be the cause of any confusing errors from downstream operations:
      - .wait_for_load_balancer: planned value cty.True for a non-computed attribute
      - .spec[0].allocate_load_balancer_node_ports: planned value cty.True for a non-computed attribute
      - .spec[0].session_affinity: planned value cty.StringVal("None") for a non-computed attribute
      - .spec[0].publish_not_ready_addresses: planned value cty.False for a non-computed attribute
      - .spec[0].port[0].protocol: planned value cty.StringVal("TCP") for a non-computed attribute
      - .spec[0].port[1].protocol: planned value cty.StringVal("TCP") for a non-computed attribute
      - .spec[0].session_affinity_config: attribute representing nested block must not be unknown itself; set nested attribute values to unknown instead
2025-02-09T03:16:57.651+0200 [INFO]  Starting apply for module.jaeger.kubernetes_service.reactory_jaeger
2025-02-09T03:16:57.661+0200 [WARN]  Provider "registry.terraform.io/hashicorp/kubernetes" produced an invalid plan for module.pwa_client.kubernetes_deployment.reactory_pwa_client, but we are tolerating it because it is using the legacy plugin SDK.
    The following problems may be the cause of any confusing errors from downstream operations:
      - .wait_for_rollout: planned value cty.True for a non-computed attribute
      - .spec[0].min_ready_seconds: planned value cty.NumberIntVal(0) for a non-computed attribute
      - .spec[0].paused: planned value cty.False for a non-computed attribute
      - .spec[0].progress_deadline_seconds: planned value cty.NumberIntVal(600) for a non-computed attribute
      - .spec[0].revision_history_limit: planned value cty.NumberIntVal(10) for a non-computed attribute
      - .spec[0].strategy: attribute representing nested block must not be unknown itself; set nested attribute values to unknown instead
      - .spec[0].template[0].spec[0].host_network: planned value cty.False for a non-computed attribute
      - .spec[0].template[0].spec[0].share_process_namespace: planned value cty.False for a non-computed attribute
      - .spec[0].template[0].spec[0].dns_policy: planned value cty.StringVal("ClusterFirst") for a non-computed attribute
      - .spec[0].template[0].spec[0].restart_policy: planned value cty.StringVal("Always") for a non-computed attribute
      - .spec[0].template[0].spec[0].termination_grace_period_seconds: planned value cty.NumberIntVal(30) for a non-computed attribute
      - .spec[0].template[0].spec[0].enable_service_links: planned value cty.True for a non-computed attribute
      - .spec[0].template[0].spec[0].host_ipc: planned value cty.False for a non-computed attribute
      - .spec[0].template[0].spec[0].automount_service_account_token: planned value cty.True for a non-computed attribute
      - .spec[0].template[0].spec[0].host_pid: planned value cty.False for a non-computed attribute
      - .spec[0].template[0].spec[0].container[0].stdin: planned value cty.False for a non-computed attribute
      - .spec[0].template[0].spec[0].container[0].stdin_once: planned value cty.False for a non-computed attribute
      - .spec[0].template[0].spec[0].container[0].termination_message_path: planned value cty.StringVal("/dev/termination-log") for a non-computed attribute
      - .spec[0].template[0].spec[0].container[0].tty: planned value cty.False for a non-computed attribute
      - .spec[0].template[0].spec[0].container[0].resources: attribute representing nested block must not be unknown itself; set nested attribute values to unknown instead
      - .spec[0].template[0].spec[0].container[0].port[0].protocol: planned value cty.StringVal("TCP") for a non-computed attribute
      - .spec[0].template[0].spec[0].image_pull_secrets: attribute representing nested block must not be unknown itself; set nested attribute values to unknown instead
      - .spec[0].template[0].spec[0].readiness_gate: attribute representing nested block must not be unknown itself; set nested attribute values to unknown instead
2025-02-09T03:16:57.662+0200 [INFO]  Starting apply for module.pwa_client.kubernetes_deployment.reactory_pwa_client
2025-02-09T03:16:57.666+0200 [WARN]  Provider "registry.terraform.io/hashicorp/kubernetes" produced an invalid plan for module.grafana.kubernetes_deployment.reactory_grafana, but we are tolerating it because it is using the legacy plugin SDK.
    The following problems may be the cause of any confusing errors from downstream operations:
      - .wait_for_rollout: planned value cty.True for a non-computed attribute
      - .spec[0].min_ready_seconds: planned value cty.NumberIntVal(0) for a non-computed attribute
      - .spec[0].paused: planned value cty.False for a non-computed attribute
      - .spec[0].progress_deadline_seconds: planned value cty.NumberIntVal(600) for a non-computed attribute
      - .spec[0].revision_history_limit: planned value cty.NumberIntVal(10) for a non-computed attribute
      - .spec[0].template[0].spec[0].automount_service_account_token: planned value cty.True for a non-computed attribute
      - .spec[0].template[0].spec[0].host_pid: planned value cty.False for a non-computed attribute
      - .spec[0].template[0].spec[0].share_process_namespace: planned value cty.False for a non-computed attribute
      - .spec[0].template[0].spec[0].host_network: planned value cty.False for a non-computed attribute
      - .spec[0].template[0].spec[0].restart_policy: planned value cty.StringVal("Always") for a non-computed attribute
      - .spec[0].template[0].spec[0].termination_grace_period_seconds: planned value cty.NumberIntVal(30) for a non-computed attribute
      - .spec[0].template[0].spec[0].dns_policy: planned value cty.StringVal("ClusterFirst") for a non-computed attribute
      - .spec[0].template[0].spec[0].enable_service_links: planned value cty.True for a non-computed attribute
      - .spec[0].template[0].spec[0].host_ipc: planned value cty.False for a non-computed attribute
      - .spec[0].template[0].spec[0].image_pull_secrets: attribute representing nested block must not be unknown itself; set nested attribute values to unknown instead
      - .spec[0].template[0].spec[0].readiness_gate: attribute representing nested block must not be unknown itself; set nested attribute values to unknown instead
      - .spec[0].template[0].spec[0].container[0].stdin: planned value cty.False for a non-computed attribute
      - .spec[0].template[0].spec[0].container[0].stdin_once: planned value cty.False for a non-computed attribute
      - .spec[0].template[0].spec[0].container[0].termination_message_path: planned value cty.StringVal("/dev/termination-log") for a non-computed attribute
      - .spec[0].template[0].spec[0].container[0].tty: planned value cty.False for a non-computed attribute
      - .spec[0].template[0].spec[0].container[0].resources: attribute representing nested block must not be unknown itself; set nested attribute values to unknown instead
      - .spec[0].template[0].spec[0].container[0].volume_mount[0].mount_propagation: planned value cty.StringVal("None") for a non-computed attribute
      - .spec[0].template[0].spec[0].container[0].volume_mount[0].read_only: planned value cty.False for a non-computed attribute
      - .spec[0].template[0].spec[0].container[0].volume_mount[1].mount_propagation: planned value cty.StringVal("None") for a non-computed attribute
      - .spec[0].template[0].spec[0].container[0].volume_mount[1].read_only: planned value cty.False for a non-computed attribute
      - .spec[0].strategy: attribute representing nested block must not be unknown itself; set nested attribute values to unknown instead
2025-02-09T03:16:57.666+0200 [INFO]  Starting apply for module.grafana.kubernetes_deployment.reactory_grafana
2025-02-09T03:16:57.675+0200 [WARN]  Provider "provider[\"registry.terraform.io/hashicorp/kubernetes\"]" produced an unexpected new value for module.jaeger.kubernetes_service.reactory_jaeger, but we are tolerating it because it is using the legacy plugin SDK.
    The following problems may be the cause of any confusing errors from downstream operations:
      - .metadata[0].generate_name: was null, but now cty.StringVal("")
      - .spec[0].load_balancer_ip: was null, but now cty.StringVal("")
      - .spec[0].external_name: was null, but now cty.StringVal("")
      - .spec[0].load_balancer_class: was null, but now cty.StringVal("")
      - .spec[0].port[0].app_protocol: was null, but now cty.StringVal("")
      - .spec[0].port[1].app_protocol: was null, but now cty.StringVal("")
2025-02-09T03:16:57.682+0200 [WARN]  Provider "registry.terraform.io/hashicorp/kubernetes" produced an invalid plan for module.prometheus.kubernetes_service.reactory_prometheus, but we are tolerating it because it is using the legacy plugin SDK.
    The following problems may be the cause of any confusing errors from downstream operations:
      - .wait_for_load_balancer: planned value cty.True for a non-computed attribute
      - .spec[0].session_affinity: planned value cty.StringVal("None") for a non-computed attribute
      - .spec[0].allocate_load_balancer_node_ports: planned value cty.True for a non-computed attribute
      - .spec[0].publish_not_ready_addresses: planned value cty.False for a non-computed attribute
      - .spec[0].port[0].protocol: planned value cty.StringVal("TCP") for a non-computed attribute
      - .spec[0].session_affinity_config: attribute representing nested block must not be unknown itself; set nested attribute values to unknown instead
2025-02-09T03:16:57.682+0200 [INFO]  Starting apply for module.prometheus.kubernetes_service.reactory_prometheus
2025-02-09T03:16:57.718+0200 [WARN]  Provider "provider[\"registry.terraform.io/hashicorp/kubernetes\"]" produced an unexpected new value for module.prometheus.kubernetes_service.reactory_prometheus, but we are tolerating it because it is using the legacy plugin SDK.
    The following problems may be the cause of any confusing errors from downstream operations:
      - .metadata[0].generate_name: was null, but now cty.StringVal("")
      - .spec[0].load_balancer_class: was null, but now cty.StringVal("")
      - .spec[0].load_balancer_ip: was null, but now cty.StringVal("")
      - .spec[0].external_name: was null, but now cty.StringVal("")
      - .spec[0].port[0].app_protocol: was null, but now cty.StringVal("")
      - .spec[0].port[0].name: was null, but now cty.StringVal("")
2025-02-09T03:16:57.726+0200 [WARN]  Provider "registry.terraform.io/hashicorp/kubernetes" produced an invalid plan for module.express_server.kubernetes_service.reactory_express_server, but we are tolerating it because it is using the legacy plugin SDK.
    The following problems may be the cause of any confusing errors from downstream operations:
      - .wait_for_load_balancer: planned value cty.True for a non-computed attribute
      - .spec[0].publish_not_ready_addresses: planned value cty.False for a non-computed attribute
      - .spec[0].session_affinity: planned value cty.StringVal("None") for a non-computed attribute
      - .spec[0].allocate_load_balancer_node_ports: planned value cty.True for a non-computed attribute
      - .spec[0].port[0].protocol: planned value cty.StringVal("TCP") for a non-computed attribute
      - .spec[0].session_affinity_config: attribute representing nested block must not be unknown itself; set nested attribute values to unknown instead
2025-02-09T03:16:57.726+0200 [INFO]  Starting apply for module.express_server.kubernetes_service.reactory_express_server
2025-02-09T03:16:57.760+0200 [WARN]  Provider "provider[\"registry.terraform.io/hashicorp/kubernetes\"]" produced an unexpected new value for module.express_server.kubernetes_service.reactory_express_server, but we are tolerating it because it is using the legacy plugin SDK.
    The following problems may be the cause of any confusing errors from downstream operations:
      - .metadata[0].generate_name: was null, but now cty.StringVal("")
      - .spec[0].load_balancer_ip: was null, but now cty.StringVal("")
      - .spec[0].external_name: was null, but now cty.StringVal("")
      - .spec[0].load_balancer_class: was null, but now cty.StringVal("")
      - .spec[0].port[0].app_protocol: was null, but now cty.StringVal("")
      - .spec[0].port[0].name: was null, but now cty.StringVal("")
2025-02-09T03:16:57.780+0200 [WARN]  Provider "registry.terraform.io/hashicorp/kubernetes" produced an invalid plan for module.prometheus.kubernetes_deployment.reactory_prometheus, but we are tolerating it because it is using the legacy plugin SDK.
    The following problems may be the cause of any confusing errors from downstream operations:
      - .wait_for_rollout: planned value cty.True for a non-computed attribute
      - .spec[0].min_ready_seconds: planned value cty.NumberIntVal(0) for a non-computed attribute
      - .spec[0].paused: planned value cty.False for a non-computed attribute
      - .spec[0].progress_deadline_seconds: planned value cty.NumberIntVal(600) for a non-computed attribute
      - .spec[0].revision_history_limit: planned value cty.NumberIntVal(10) for a non-computed attribute
      - .spec[0].strategy: attribute representing nested block must not be unknown itself; set nested attribute values to unknown instead
      - .spec[0].template[0].spec[0].enable_service_links: planned value cty.True for a non-computed attribute
      - .spec[0].template[0].spec[0].host_ipc: planned value cty.False for a non-computed attribute
      - .spec[0].template[0].spec[0].automount_service_account_token: planned value cty.True for a non-computed attribute
      - .spec[0].template[0].spec[0].host_pid: planned value cty.False for a non-computed attribute
      - .spec[0].template[0].spec[0].host_network: planned value cty.False for a non-computed attribute
      - .spec[0].template[0].spec[0].share_process_namespace: planned value cty.False for a non-computed attribute
      - .spec[0].template[0].spec[0].dns_policy: planned value cty.StringVal("ClusterFirst") for a non-computed attribute
      - .spec[0].template[0].spec[0].restart_policy: planned value cty.StringVal("Always") for a non-computed attribute
      - .spec[0].template[0].spec[0].termination_grace_period_seconds: planned value cty.NumberIntVal(30) for a non-computed attribute
      - .spec[0].template[0].spec[0].image_pull_secrets: attribute representing nested block must not be unknown itself; set nested attribute values to unknown instead
      - .spec[0].template[0].spec[0].readiness_gate: attribute representing nested block must not be unknown itself; set nested attribute values to unknown instead
      - .spec[0].template[0].spec[0].container[0].stdin: planned value cty.False for a non-computed attribute
      - .spec[0].template[0].spec[0].container[0].stdin_once: planned value cty.False for a non-computed attribute
      - .spec[0].template[0].spec[0].container[0].termination_message_path: planned value cty.StringVal("/dev/termination-log") for a non-computed attribute
      - .spec[0].template[0].spec[0].container[0].tty: planned value cty.False for a non-computed attribute
      - .spec[0].template[0].spec[0].container[0].volume_mount[0].read_only: planned value cty.False for a non-computed attribute
      - .spec[0].template[0].spec[0].container[0].volume_mount[0].mount_propagation: planned value cty.StringVal("None") for a non-computed attribute
      - .spec[0].template[0].spec[0].container[0].resources: attribute representing nested block must not be unknown itself; set nested attribute values to unknown instead
2025-02-09T03:16:57.780+0200 [INFO]  Starting apply for module.prometheus.kubernetes_deployment.reactory_prometheus
2025-02-09T03:16:57.833+0200 [WARN]  Provider "provider[\"registry.terraform.io/hashicorp/kubernetes\"]" produced an unexpected new value for module.postgres.kubernetes_persistent_volume.postgres_data, but we are tolerating it because it is using the legacy plugin SDK.
    The following problems may be the cause of any confusing errors from downstream operations:
      - .spec[0].storage_class_name: was null, but now cty.StringVal("")
      - .spec[0].persistent_volume_source[0].host_path[0].type: was null, but now cty.StringVal("")
2025-02-09T03:16:57.834+0200 [WARN]  Provider "provider[\"registry.terraform.io/hashicorp/kubernetes\"]" produced an unexpected new value for module.meilisearch.kubernetes_persistent_volume.meilisearch_data, but we are tolerating it because it is using the legacy plugin SDK.
    The following problems may be the cause of any confusing errors from downstream operations:
      - .spec[0].storage_class_name: was null, but now cty.StringVal("")
      - .spec[0].persistent_volume_source[0].host_path[0].type: was null, but now cty.StringVal("")
2025-02-09T03:16:57.835+0200 [WARN]  Provider "provider[\"registry.terraform.io/hashicorp/kubernetes\"]" produced an unexpected new value for module.mongodb.kubernetes_persistent_volume.mongodb_data, but we are tolerating it because it is using the legacy plugin SDK.
    The following problems may be the cause of any confusing errors from downstream operations:
      - .spec[0].storage_class_name: was null, but now cty.StringVal("")
      - .spec[0].persistent_volume_source[0].host_path[0].type: was null, but now cty.StringVal("")
2025-02-09T03:16:57.835+0200 [WARN]  Provider "provider[\"registry.terraform.io/hashicorp/kubernetes\"]" produced an unexpected new value for module.express_server.kubernetes_persistent_volume.reactory_data, but we are tolerating it because it is using the legacy plugin SDK.
    The following problems may be the cause of any confusing errors from downstream operations:
      - .spec[0].storage_class_name: was null, but now cty.StringVal("")
      - .spec[0].persistent_volume_source[0].host_path[0].type: was null, but now cty.StringVal("")
2025-02-09T03:16:57.838+0200 [WARN]  Provider "provider[\"registry.terraform.io/hashicorp/kubernetes\"]" produced an unexpected new value for module.redis.kubernetes_persistent_volume.redis_data, but we are tolerating it because it is using the legacy plugin SDK.
    The following problems may be the cause of any confusing errors from downstream operations:
      - .spec[0].storage_class_name: was null, but now cty.StringVal("")
      - .spec[0].persistent_volume_source[0].host_path[0].type: was null, but now cty.StringVal("")
2025-02-09T03:16:57.840+0200 [WARN]  Provider "registry.terraform.io/hashicorp/kubernetes" produced an invalid plan for module.grafana.kubernetes_service.reactory_grafana, but we are tolerating it because it is using the legacy plugin SDK.
    The following problems may be the cause of any confusing errors from downstream operations:
      - .wait_for_load_balancer: planned value cty.True for a non-computed attribute
      - .spec[0].publish_not_ready_addresses: planned value cty.False for a non-computed attribute
      - .spec[0].allocate_load_balancer_node_ports: planned value cty.True for a non-computed attribute
      - .spec[0].session_affinity: planned value cty.StringVal("None") for a non-computed attribute
      - .spec[0].session_affinity_config: attribute representing nested block must not be unknown itself; set nested attribute values to unknown instead
      - .spec[0].port[0].protocol: planned value cty.StringVal("TCP") for a non-computed attribute
2025-02-09T03:16:57.840+0200 [INFO]  Starting apply for module.grafana.kubernetes_service.reactory_grafana
2025-02-09T03:16:57.852+0200 [WARN]  Provider "registry.terraform.io/hashicorp/kubernetes" produced an invalid plan for module.meilisearch.kubernetes_persistent_volume_claim.meilisearch_data, but we are tolerating it because it is using the legacy plugin SDK.
    The following problems may be the cause of any confusing errors from downstream operations:
      - .wait_until_bound: planned value cty.True for a non-computed attribute
2025-02-09T03:16:57.852+0200 [INFO]  Starting apply for module.meilisearch.kubernetes_persistent_volume_claim.meilisearch_data
2025-02-09T03:16:57.853+0200 [WARN]  Provider "provider[\"registry.terraform.io/hashicorp/kubernetes\"]" produced an unexpected new value for module.grafana.kubernetes_service.reactory_grafana, but we are tolerating it because it is using the legacy plugin SDK.
    The following problems may be the cause of any confusing errors from downstream operations:
      - .metadata[0].generate_name: was null, but now cty.StringVal("")
      - .spec[0].load_balancer_class: was null, but now cty.StringVal("")
      - .spec[0].load_balancer_ip: was null, but now cty.StringVal("")
      - .spec[0].external_name: was null, but now cty.StringVal("")
      - .spec[0].port[0].app_protocol: was null, but now cty.StringVal("")
      - .spec[0].port[0].name: was null, but now cty.StringVal("")
2025-02-09T03:16:57.863+0200 [WARN]  Provider "registry.terraform.io/hashicorp/kubernetes" produced an invalid plan for module.pwa_client.kubernetes_service.reactory_nginx, but we are tolerating it because it is using the legacy plugin SDK.
    The following problems may be the cause of any confusing errors from downstream operations:
      - .wait_for_load_balancer: planned value cty.True for a non-computed attribute
      - .spec[0].allocate_load_balancer_node_ports: planned value cty.True for a non-computed attribute
      - .spec[0].session_affinity: planned value cty.StringVal("None") for a non-computed attribute
      - .spec[0].publish_not_ready_addresses: planned value cty.False for a non-computed attribute
      - .spec[0].port[0].protocol: planned value cty.StringVal("TCP") for a non-computed attribute
      - .spec[0].session_affinity_config: attribute representing nested block must not be unknown itself; set nested attribute values to unknown instead
2025-02-09T03:16:57.863+0200 [INFO]  Starting apply for module.pwa_client.kubernetes_service.reactory_nginx
2025-02-09T03:16:57.865+0200 [WARN]  Provider "registry.terraform.io/hashicorp/kubernetes" produced an invalid plan for module.redis.kubernetes_persistent_volume_claim.redis_data, but we are tolerating it because it is using the legacy plugin SDK.
    The following problems may be the cause of any confusing errors from downstream operations:
      - .wait_until_bound: planned value cty.True for a non-computed attribute
2025-02-09T03:16:57.868+0200 [WARN]  Provider "registry.terraform.io/hashicorp/kubernetes" produced an invalid plan for module.jaeger.kubernetes_deployment.reactory_jaeger, but we are tolerating it because it is using the legacy plugin SDK.
    The following problems may be the cause of any confusing errors from downstream operations:
      - .wait_for_rollout: planned value cty.True for a non-computed attribute
      - .spec[0].revision_history_limit: planned value cty.NumberIntVal(10) for a non-computed attribute
      - .spec[0].min_ready_seconds: planned value cty.NumberIntVal(0) for a non-computed attribute
      - .spec[0].paused: planned value cty.False for a non-computed attribute
      - .spec[0].progress_deadline_seconds: planned value cty.NumberIntVal(600) for a non-computed attribute
      - .spec[0].strategy: attribute representing nested block must not be unknown itself; set nested attribute values to unknown instead
      - .spec[0].template[0].spec[0].termination_grace_period_seconds: planned value cty.NumberIntVal(30) for a non-computed attribute
      - .spec[0].template[0].spec[0].dns_policy: planned value cty.StringVal("ClusterFirst") for a non-computed attribute
      - .spec[0].template[0].spec[0].restart_policy: planned value cty.StringVal("Always") for a non-computed attribute
      - .spec[0].template[0].spec[0].enable_service_links: planned value cty.True for a non-computed attribute
      - .spec[0].template[0].spec[0].host_ipc: planned value cty.False for a non-computed attribute
      - .spec[0].template[0].spec[0].automount_service_account_token: planned value cty.True for a non-computed attribute
      - .spec[0].template[0].spec[0].host_pid: planned value cty.False for a non-computed attribute
      - .spec[0].template[0].spec[0].host_network: planned value cty.False for a non-computed attribute
      - .spec[0].template[0].spec[0].share_process_namespace: planned value cty.False for a non-computed attribute
      - .spec[0].template[0].spec[0].container[0].stdin: planned value cty.False for a non-computed attribute
      - .spec[0].template[0].spec[0].container[0].stdin_once: planned value cty.False for a non-computed attribute
      - .spec[0].template[0].spec[0].container[0].termination_message_path: planned value cty.StringVal("/dev/termination-log") for a non-computed attribute
      - .spec[0].template[0].spec[0].container[0].tty: planned value cty.False for a non-computed attribute
      - .spec[0].template[0].spec[0].container[0].port[0].protocol: planned value cty.StringVal("TCP") for a non-computed attribute
      - .spec[0].template[0].spec[0].container[0].port[1].protocol: planned value cty.StringVal("TCP") for a non-computed attribute
      - .spec[0].template[0].spec[0].container[0].resources: attribute representing nested block must not be unknown itself; set nested attribute values to unknown instead
      - .spec[0].template[0].spec[0].image_pull_secrets: attribute representing nested block must not be unknown itself; set nested attribute values to unknown instead
      - .spec[0].template[0].spec[0].readiness_gate: attribute representing nested block must not be unknown itself; set nested attribute values to unknown instead
2025-02-09T03:16:57.868+0200 [INFO]  Starting apply for module.redis.kubernetes_persistent_volume_claim.redis_data
2025-02-09T03:16:57.869+0200 [INFO]  Starting apply for module.jaeger.kubernetes_deployment.reactory_jaeger
2025-02-09T03:16:57.870+0200 [WARN]  Provider "registry.terraform.io/hashicorp/kubernetes" produced an invalid plan for module.mongodb.kubernetes_persistent_volume_claim.mongodb_data, but we are tolerating it because it is using the legacy plugin SDK.
    The following problems may be the cause of any confusing errors from downstream operations:
      - .wait_until_bound: planned value cty.True for a non-computed attribute
2025-02-09T03:16:57.870+0200 [INFO]  Starting apply for module.mongodb.kubernetes_persistent_volume_claim.mongodb_data
2025-02-09T03:16:57.871+0200 [WARN]  Provider "provider[\"registry.terraform.io/hashicorp/kubernetes\"]" produced an unexpected new value for module.express_server.kubernetes_persistent_volume_claim.reactory_data, but we are tolerating it because it is using the legacy plugin SDK.
    The following problems may be the cause of any confusing errors from downstream operations:
      - .metadata[0].generate_name: was null, but now cty.StringVal("")
2025-02-09T03:16:57.871+0200 [WARN]  Provider "provider[\"registry.terraform.io/hashicorp/kubernetes\"]" produced an unexpected new value for module.postgres.kubernetes_persistent_volume_claim.postgres_data, but we are tolerating it because it is using the legacy plugin SDK.
    The following problems may be the cause of any confusing errors from downstream operations:
      - .metadata[0].generate_name: was null, but now cty.StringVal("")
2025-02-09T03:16:57.882+0200 [WARN]  Provider "provider[\"registry.terraform.io/hashicorp/kubernetes\"]" produced an unexpected new value for module.pwa_client.kubernetes_service.reactory_nginx, but we are tolerating it because it is using the legacy plugin SDK.
    The following problems may be the cause of any confusing errors from downstream operations:
      - .metadata[0].generate_name: was null, but now cty.StringVal("")
      - .spec[0].load_balancer_class: was null, but now cty.StringVal("")
      - .spec[0].load_balancer_ip: was null, but now cty.StringVal("")
      - .spec[0].external_name: was null, but now cty.StringVal("")
      - .spec[0].port[0].app_protocol: was null, but now cty.StringVal("")
      - .spec[0].port[0].name: was null, but now cty.StringVal("")
2025-02-09T03:16:57.904+0200 [WARN]  Provider "registry.terraform.io/hashicorp/kubernetes" produced an invalid plan for module.postgres.kubernetes_deployment.reactory_postgres, but we are tolerating it because it is using the legacy plugin SDK.
    The following problems may be the cause of any confusing errors from downstream operations:
      - .wait_for_rollout: planned value cty.True for a non-computed attribute
      - .spec[0].min_ready_seconds: planned value cty.NumberIntVal(0) for a non-computed attribute
      - .spec[0].paused: planned value cty.False for a non-computed attribute
      - .spec[0].progress_deadline_seconds: planned value cty.NumberIntVal(600) for a non-computed attribute
      - .spec[0].revision_history_limit: planned value cty.NumberIntVal(10) for a non-computed attribute
      - .spec[0].strategy: attribute representing nested block must not be unknown itself; set nested attribute values to unknown instead
      - .spec[0].template[0].spec[0].host_network: planned value cty.False for a non-computed attribute
      - .spec[0].template[0].spec[0].share_process_namespace: planned value cty.False for a non-computed attribute
      - .spec[0].template[0].spec[0].dns_policy: planned value cty.StringVal("ClusterFirst") for a non-computed attribute
      - .spec[0].template[0].spec[0].restart_policy: planned value cty.StringVal("Always") for a non-computed attribute
      - .spec[0].template[0].spec[0].termination_grace_period_seconds: planned value cty.NumberIntVal(30) for a non-computed attribute
      - .spec[0].template[0].spec[0].enable_service_links: planned value cty.True for a non-computed attribute
      - .spec[0].template[0].spec[0].host_ipc: planned value cty.False for a non-computed attribute
      - .spec[0].template[0].spec[0].automount_service_account_token: planned value cty.True for a non-computed attribute
      - .spec[0].template[0].spec[0].host_pid: planned value cty.False for a non-computed attribute
      - .spec[0].template[0].spec[0].volume[0].persistent_volume_claim[0].read_only: planned value cty.False for a non-computed attribute
      - .spec[0].template[0].spec[0].container[0].stdin: planned value cty.False for a non-computed attribute
      - .spec[0].template[0].spec[0].container[0].stdin_once: planned value cty.False for a non-computed attribute
      - .spec[0].template[0].spec[0].container[0].termination_message_path: planned value cty.StringVal("/dev/termination-log") for a non-computed attribute
      - .spec[0].template[0].spec[0].container[0].tty: planned value cty.False for a non-computed attribute
      - .spec[0].template[0].spec[0].container[0].volume_mount[0].mount_propagation: planned value cty.StringVal("None") for a non-computed attribute
      - .spec[0].template[0].spec[0].container[0].volume_mount[0].read_only: planned value cty.False for a non-computed attribute
      - .spec[0].template[0].spec[0].container[0].resources: attribute representing nested block must not be unknown itself; set nested attribute values to unknown instead
      - .spec[0].template[0].spec[0].image_pull_secrets: attribute representing nested block must not be unknown itself; set nested attribute values to unknown instead
      - .spec[0].template[0].spec[0].readiness_gate: attribute representing nested block must not be unknown itself; set nested attribute values to unknown instead
2025-02-09T03:16:57.905+0200 [INFO]  Starting apply for module.postgres.kubernetes_deployment.reactory_postgres
2025-02-09T03:16:57.905+0200 [WARN]  Provider "registry.terraform.io/hashicorp/kubernetes" produced an invalid plan for module.express_server.kubernetes_deployment.reactory_express_server, but we are tolerating it because it is using the legacy plugin SDK.
    The following problems may be the cause of any confusing errors from downstream operations:
      - .wait_for_rollout: planned value cty.True for a non-computed attribute
      - .spec[0].min_ready_seconds: planned value cty.NumberIntVal(0) for a non-computed attribute
      - .spec[0].paused: planned value cty.False for a non-computed attribute
      - .spec[0].progress_deadline_seconds: planned value cty.NumberIntVal(600) for a non-computed attribute
      - .spec[0].revision_history_limit: planned value cty.NumberIntVal(10) for a non-computed attribute
      - .spec[0].strategy: attribute representing nested block must not be unknown itself; set nested attribute values to unknown instead
      - .spec[0].template[0].spec[0].dns_policy: planned value cty.StringVal("ClusterFirst") for a non-computed attribute
      - .spec[0].template[0].spec[0].restart_policy: planned value cty.StringVal("Always") for a non-computed attribute
      - .spec[0].template[0].spec[0].termination_grace_period_seconds: planned value cty.NumberIntVal(30) for a non-computed attribute
      - .spec[0].template[0].spec[0].host_ipc: planned value cty.False for a non-computed attribute
      - .spec[0].template[0].spec[0].enable_service_links: planned value cty.True for a non-computed attribute
      - .spec[0].template[0].spec[0].host_pid: planned value cty.False for a non-computed attribute
      - .spec[0].template[0].spec[0].automount_service_account_token: planned value cty.True for a non-computed attribute
      - .spec[0].template[0].spec[0].share_process_namespace: planned value cty.False for a non-computed attribute
      - .spec[0].template[0].spec[0].host_network: planned value cty.False for a non-computed attribute
      - .spec[0].template[0].spec[0].volume[0].persistent_volume_claim[0].read_only: planned value cty.False for a non-computed attribute
      - .spec[0].template[0].spec[0].readiness_gate: attribute representing nested block must not be unknown itself; set nested attribute values to unknown instead
      - .spec[0].template[0].spec[0].container[0].stdin: planned value cty.False for a non-computed attribute
      - .spec[0].template[0].spec[0].container[0].stdin_once: planned value cty.False for a non-computed attribute
      - .spec[0].template[0].spec[0].container[0].termination_message_path: planned value cty.StringVal("/dev/termination-log") for a non-computed attribute
      - .spec[0].template[0].spec[0].container[0].tty: planned value cty.False for a non-computed attribute
      - .spec[0].template[0].spec[0].container[0].resources: attribute representing nested block must not be unknown itself; set nested attribute values to unknown instead
      - .spec[0].template[0].spec[0].container[0].volume_mount[0].read_only: planned value cty.False for a non-computed attribute
      - .spec[0].template[0].spec[0].container[0].volume_mount[0].mount_propagation: planned value cty.StringVal("None") for a non-computed attribute
      - .spec[0].template[0].spec[0].container[0].volume_mount[1].read_only: planned value cty.False for a non-computed attribute
      - .spec[0].template[0].spec[0].container[0].volume_mount[1].mount_propagation: planned value cty.StringVal("None") for a non-computed attribute
      - .spec[0].template[0].spec[0].image_pull_secrets: attribute representing nested block must not be unknown itself; set nested attribute values to unknown instead
2025-02-09T03:16:57.905+0200 [INFO]  Starting apply for module.express_server.kubernetes_deployment.reactory_express_server
2025-02-09T03:16:58.060+0200 [WARN]  Provider "provider[\"registry.terraform.io/hashicorp/kubernetes\"]" produced an unexpected new value for module.meilisearch.kubernetes_persistent_volume_claim.meilisearch_data, but we are tolerating it because it is using the legacy plugin SDK.
    The following problems may be the cause of any confusing errors from downstream operations:
      - .metadata[0].generate_name: was null, but now cty.StringVal("")
2025-02-09T03:16:58.080+0200 [WARN]  Provider "provider[\"registry.terraform.io/hashicorp/kubernetes\"]" produced an unexpected new value for module.redis.kubernetes_persistent_volume_claim.redis_data, but we are tolerating it because it is using the legacy plugin SDK.
    The following problems may be the cause of any confusing errors from downstream operations:
      - .metadata[0].generate_name: was null, but now cty.StringVal("")
2025-02-09T03:16:58.082+0200 [WARN]  Provider "registry.terraform.io/hashicorp/kubernetes" produced an invalid plan for module.meilisearch.kubernetes_deployment.reactory_meilisearch, but we are tolerating it because it is using the legacy plugin SDK.
    The following problems may be the cause of any confusing errors from downstream operations:
      - .wait_for_rollout: planned value cty.True for a non-computed attribute
      - .spec[0].revision_history_limit: planned value cty.NumberIntVal(10) for a non-computed attribute
      - .spec[0].min_ready_seconds: planned value cty.NumberIntVal(0) for a non-computed attribute
      - .spec[0].paused: planned value cty.False for a non-computed attribute
      - .spec[0].progress_deadline_seconds: planned value cty.NumberIntVal(600) for a non-computed attribute
      - .spec[0].strategy: attribute representing nested block must not be unknown itself; set nested attribute values to unknown instead
      - .spec[0].template[0].spec[0].dns_policy: planned value cty.StringVal("ClusterFirst") for a non-computed attribute
      - .spec[0].template[0].spec[0].restart_policy: planned value cty.StringVal("Always") for a non-computed attribute
      - .spec[0].template[0].spec[0].termination_grace_period_seconds: planned value cty.NumberIntVal(30) for a non-computed attribute
      - .spec[0].template[0].spec[0].host_ipc: planned value cty.False for a non-computed attribute
      - .spec[0].template[0].spec[0].enable_service_links: planned value cty.True for a non-computed attribute
      - .spec[0].template[0].spec[0].host_pid: planned value cty.False for a non-computed attribute
      - .spec[0].template[0].spec[0].automount_service_account_token: planned value cty.True for a non-computed attribute
      - .spec[0].template[0].spec[0].share_process_namespace: planned value cty.False for a non-computed attribute
      - .spec[0].template[0].spec[0].host_network: planned value cty.False for a non-computed attribute
      - .spec[0].template[0].spec[0].image_pull_secrets: attribute representing nested block must not be unknown itself; set nested attribute values to unknown instead
      - .spec[0].template[0].spec[0].readiness_gate: attribute representing nested block must not be unknown itself; set nested attribute values to unknown instead
      - .spec[0].template[0].spec[0].container[0].stdin: planned value cty.False for a non-computed attribute
      - .spec[0].template[0].spec[0].container[0].stdin_once: planned value cty.False for a non-computed attribute
      - .spec[0].template[0].spec[0].container[0].termination_message_path: planned value cty.StringVal("/dev/termination-log") for a non-computed attribute
      - .spec[0].template[0].spec[0].container[0].tty: planned value cty.False for a non-computed attribute
      - .spec[0].template[0].spec[0].container[0].resources: attribute representing nested block must not be unknown itself; set nested attribute values to unknown instead
      - .spec[0].template[0].spec[0].container[0].volume_mount[0].mount_propagation: planned value cty.StringVal("None") for a non-computed attribute
      - .spec[0].template[0].spec[0].container[0].volume_mount[0].read_only: planned value cty.False for a non-computed attribute
      - .spec[0].template[0].spec[0].volume[0].persistent_volume_claim[0].read_only: planned value cty.False for a non-computed attribute
2025-02-09T03:16:58.083+0200 [INFO]  Starting apply for module.meilisearch.kubernetes_deployment.reactory_meilisearch
2025-02-09T03:16:58.103+0200 [WARN]  Provider "registry.terraform.io/hashicorp/kubernetes" produced an invalid plan for module.redis.kubernetes_deployment.reactory_redis, but we are tolerating it because it is using the legacy plugin SDK.
    The following problems may be the cause of any confusing errors from downstream operations:
      - .wait_for_rollout: planned value cty.True for a non-computed attribute
      - .spec[0].revision_history_limit: planned value cty.NumberIntVal(10) for a non-computed attribute
      - .spec[0].min_ready_seconds: planned value cty.NumberIntVal(0) for a non-computed attribute
      - .spec[0].paused: planned value cty.False for a non-computed attribute
      - .spec[0].progress_deadline_seconds: planned value cty.NumberIntVal(600) for a non-computed attribute
      - .spec[0].strategy: attribute representing nested block must not be unknown itself; set nested attribute values to unknown instead
      - .spec[0].template[0].spec[0].termination_grace_period_seconds: planned value cty.NumberIntVal(30) for a non-computed attribute
      - .spec[0].template[0].spec[0].dns_policy: planned value cty.StringVal("ClusterFirst") for a non-computed attribute
      - .spec[0].template[0].spec[0].restart_policy: planned value cty.StringVal("Always") for a non-computed attribute
      - .spec[0].template[0].spec[0].enable_service_links: planned value cty.True for a non-computed attribute
      - .spec[0].template[0].spec[0].host_ipc: planned value cty.False for a non-computed attribute
      - .spec[0].template[0].spec[0].automount_service_account_token: planned value cty.True for a non-computed attribute
      - .spec[0].template[0].spec[0].host_pid: planned value cty.False for a non-computed attribute
      - .spec[0].template[0].spec[0].share_process_namespace: planned value cty.False for a non-computed attribute
      - .spec[0].template[0].spec[0].host_network: planned value cty.False for a non-computed attribute
      - .spec[0].template[0].spec[0].volume[0].persistent_volume_claim[0].read_only: planned value cty.False for a non-computed attribute
      - .spec[0].template[0].spec[0].image_pull_secrets: attribute representing nested block must not be unknown itself; set nested attribute values to unknown instead
      - .spec[0].template[0].spec[0].readiness_gate: attribute representing nested block must not be unknown itself; set nested attribute values to unknown instead
      - .spec[0].template[0].spec[0].container[0].stdin: planned value cty.False for a non-computed attribute
      - .spec[0].template[0].spec[0].container[0].stdin_once: planned value cty.False for a non-computed attribute
      - .spec[0].template[0].spec[0].container[0].termination_message_path: planned value cty.StringVal("/dev/termination-log") for a non-computed attribute
      - .spec[0].template[0].spec[0].container[0].tty: planned value cty.False for a non-computed attribute
      - .spec[0].template[0].spec[0].container[0].resources: attribute representing nested block must not be unknown itself; set nested attribute values to unknown instead
      - .spec[0].template[0].spec[0].container[0].volume_mount[0].mount_propagation: planned value cty.StringVal("None") for a non-computed attribute
      - .spec[0].template[0].spec[0].container[0].volume_mount[0].read_only: planned value cty.False for a non-computed attribute
2025-02-09T03:16:58.103+0200 [INFO]  Starting apply for module.redis.kubernetes_deployment.reactory_redis
2025-02-09T03:16:58.489+0200 [WARN]  Provider "provider[\"registry.terraform.io/hashicorp/kubernetes\"]" produced an unexpected new value for module.mongodb.kubernetes_persistent_volume_claim.mongodb_data, but we are tolerating it because it is using the legacy plugin SDK.
    The following problems may be the cause of any confusing errors from downstream operations:
      - .metadata[0].generate_name: was null, but now cty.StringVal("")
2025-02-09T03:16:58.525+0200 [WARN]  Provider "registry.terraform.io/hashicorp/kubernetes" produced an invalid plan for module.mongodb.kubernetes_deployment.reactory_mongodb, but we are tolerating it because it is using the legacy plugin SDK.
    The following problems may be the cause of any confusing errors from downstream operations:
      - .wait_for_rollout: planned value cty.True for a non-computed attribute
      - .spec[0].revision_history_limit: planned value cty.NumberIntVal(10) for a non-computed attribute
      - .spec[0].min_ready_seconds: planned value cty.NumberIntVal(0) for a non-computed attribute
      - .spec[0].paused: planned value cty.False for a non-computed attribute
      - .spec[0].progress_deadline_seconds: planned value cty.NumberIntVal(600) for a non-computed attribute
      - .spec[0].strategy: attribute representing nested block must not be unknown itself; set nested attribute values to unknown instead
      - .spec[0].template[0].spec[0].host_pid: planned value cty.False for a non-computed attribute
      - .spec[0].template[0].spec[0].automount_service_account_token: planned value cty.True for a non-computed attribute
      - .spec[0].template[0].spec[0].share_process_namespace: planned value cty.False for a non-computed attribute
      - .spec[0].template[0].spec[0].host_network: planned value cty.False for a non-computed attribute
      - .spec[0].template[0].spec[0].dns_policy: planned value cty.StringVal("ClusterFirst") for a non-computed attribute
      - .spec[0].template[0].spec[0].restart_policy: planned value cty.StringVal("Always") for a non-computed attribute
      - .spec[0].template[0].spec[0].termination_grace_period_seconds: planned value cty.NumberIntVal(30) for a non-computed attribute
      - .spec[0].template[0].spec[0].host_ipc: planned value cty.False for a non-computed attribute
      - .spec[0].template[0].spec[0].enable_service_links: planned value cty.True for a non-computed attribute
      - .spec[0].template[0].spec[0].image_pull_secrets: attribute representing nested block must not be unknown itself; set nested attribute values to unknown instead
      - .spec[0].template[0].spec[0].readiness_gate: attribute representing nested block must not be unknown itself; set nested attribute values to unknown instead
      - .spec[0].template[0].spec[0].container[0].stdin: planned value cty.False for a non-computed attribute
      - .spec[0].template[0].spec[0].container[0].stdin_once: planned value cty.False for a non-computed attribute
      - .spec[0].template[0].spec[0].container[0].termination_message_path: planned value cty.StringVal("/dev/termination-log") for a non-computed attribute
      - .spec[0].template[0].spec[0].container[0].tty: planned value cty.False for a non-computed attribute
      - .spec[0].template[0].spec[0].container[0].volume_mount[0].mount_propagation: planned value cty.StringVal("None") for a non-computed attribute
      - .spec[0].template[0].spec[0].container[0].volume_mount[0].read_only: planned value cty.False for a non-computed attribute
      - .spec[0].template[0].spec[0].container[0].resources: attribute representing nested block must not be unknown itself; set nested attribute values to unknown instead
      - .spec[0].template[0].spec[0].volume[0].persistent_volume_claim[0].read_only: planned value cty.False for a non-computed attribute
2025-02-09T03:16:58.525+0200 [INFO]  Starting apply for module.mongodb.kubernetes_deployment.reactory_mongodb
2025-02-09T03:21:44.265+0200 [WARN]  Provider "provider[\"registry.terraform.io/hashicorp/kubernetes\"]" produced an unexpected new value for module.mongodb.kubernetes_deployment.reactory_mongodb, but we are tolerating it because it is using the legacy plugin SDK.
    The following problems may be the cause of any confusing errors from downstream operations:
      - .metadata[0].generate_name: was null, but now cty.StringVal("")
      - .spec[0].template[0].spec[0].runtime_class_name: was null, but now cty.StringVal("")
      - .spec[0].template[0].spec[0].priority_class_name: was null, but now cty.StringVal("")
      - .spec[0].template[0].spec[0].subdomain: was null, but now cty.StringVal("")
      - .spec[0].template[0].spec[0].active_deadline_seconds: was null, but now cty.NumberIntVal(0)
      - .spec[0].template[0].spec[0].container[0].working_dir: was null, but now cty.StringVal("")
      - .spec[0].template[0].spec[0].container[0].volume_mount[0].sub_path: was null, but now cty.StringVal("")
      - .spec[0].template[0].metadata[0].generate_name: was null, but now cty.StringVal("")
      - .spec[0].template[0].metadata[0].namespace: was null, but now cty.StringVal("")
2025-02-09T03:24:13.686+0200 [WARN]  Provider "provider[\"registry.terraform.io/hashicorp/kubernetes\"]" produced an unexpected new value for module.jaeger.kubernetes_deployment.reactory_jaeger, but we are tolerating it because it is using the legacy plugin SDK.
    The following problems may be the cause of any confusing errors from downstream operations:
      - .metadata[0].generate_name: was null, but now cty.StringVal("")
      - .spec[0].template[0].metadata[0].generate_name: was null, but now cty.StringVal("")
      - .spec[0].template[0].metadata[0].namespace: was null, but now cty.StringVal("")
      - .spec[0].template[0].spec[0].runtime_class_name: was null, but now cty.StringVal("")
      - .spec[0].template[0].spec[0].active_deadline_seconds: was null, but now cty.NumberIntVal(0)
      - .spec[0].template[0].spec[0].priority_class_name: was null, but now cty.StringVal("")
      - .spec[0].template[0].spec[0].subdomain: was null, but now cty.StringVal("")
      - .spec[0].template[0].spec[0].container[0].working_dir: was null, but now cty.StringVal("")
      - .spec[0].template[0].spec[0].container[0].port[0].host_ip: was null, but now cty.StringVal("")
      - .spec[0].template[0].spec[0].container[0].port[0].host_port: was null, but now cty.NumberIntVal(0)
      - .spec[0].template[0].spec[0].container[0].port[0].name: was null, but now cty.StringVal("")
      - .spec[0].template[0].spec[0].container[0].port[1].host_ip: was null, but now cty.StringVal("")
      - .spec[0].template[0].spec[0].container[0].port[1].host_port: was null, but now cty.NumberIntVal(0)
      - .spec[0].template[0].spec[0].container[0].port[1].name: was null, but now cty.StringVal("")
2025-02-09T03:25:54.065+0200 [WARN]  Provider "provider[\"registry.terraform.io/hashicorp/kubernetes\"]" produced an unexpected new value for module.meilisearch.kubernetes_deployment.reactory_meilisearch, but we are tolerating it because it is using the legacy plugin SDK.
    The following problems may be the cause of any confusing errors from downstream operations:
      - .metadata[0].generate_name: was null, but now cty.StringVal("")
      - .spec[0].template[0].metadata[0].generate_name: was null, but now cty.StringVal("")
      - .spec[0].template[0].metadata[0].namespace: was null, but now cty.StringVal("")
      - .spec[0].template[0].spec[0].priority_class_name: was null, but now cty.StringVal("")
      - .spec[0].template[0].spec[0].subdomain: was null, but now cty.StringVal("")
      - .spec[0].template[0].spec[0].active_deadline_seconds: was null, but now cty.NumberIntVal(0)
      - .spec[0].template[0].spec[0].runtime_class_name: was null, but now cty.StringVal("")
      - .spec[0].template[0].spec[0].container[0].working_dir: was null, but now cty.StringVal("")
      - .spec[0].template[0].spec[0].container[0].volume_mount[0].sub_path: was null, but now cty.StringVal("")
2025-02-09T03:26:34.082+0200 [WARN]  Provider "provider[\"registry.terraform.io/hashicorp/kubernetes\"]" produced an unexpected new value for module.redis.kubernetes_deployment.reactory_redis, but we are tolerating it because it is using the legacy plugin SDK.
    The following problems may be the cause of any confusing errors from downstream operations:
      - .metadata[0].generate_name: was null, but now cty.StringVal("")
      - .spec[0].template[0].metadata[0].generate_name: was null, but now cty.StringVal("")
      - .spec[0].template[0].metadata[0].namespace: was null, but now cty.StringVal("")
      - .spec[0].template[0].spec[0].runtime_class_name: was null, but now cty.StringVal("")
      - .spec[0].template[0].spec[0].subdomain: was null, but now cty.StringVal("")
      - .spec[0].template[0].spec[0].active_deadline_seconds: was null, but now cty.NumberIntVal(0)
      - .spec[0].template[0].spec[0].priority_class_name: was null, but now cty.StringVal("")
      - .spec[0].template[0].spec[0].container[0].working_dir: was null, but now cty.StringVal("")
      - .spec[0].template[0].spec[0].container[0].volume_mount[0].sub_path: was null, but now cty.StringVal("")
2025-02-09T03:26:57.698+0200 [ERROR] provider.terraform-provider-kubernetes_v2.35.1_x5: Response contains error diagnostic: diagnostic_detail="" tf_provider_addr=registry.terraform.io/hashicorp/kubernetes tf_resource_type=kubernetes_deployment tf_rpc=ApplyResourceChange @caller=github.com/hashicorp/terraform-plugin-go@v0.25.0/tfprotov5/internal/diag/diagnostics.go:58 @module=sdk.proto diagnostic_severity=ERROR diagnostic_summary="Waiting for rollout to finish: 2 replicas wanted; 0 replicas Ready" tf_proto_version=5.7 tf_req_id=760220a6-0786-9489-76b6-2dee4b710f80 timestamp="2025-02-09T03:26:57.697+0200"
2025-02-09T03:26:57.703+0200 [ERROR] provider.terraform-provider-kubernetes_v2.35.1_x5: Response contains error diagnostic: tf_proto_version=5.7 tf_provider_addr=registry.terraform.io/hashicorp/kubernetes @caller=github.com/hashicorp/terraform-plugin-go@v0.25.0/tfprotov5/internal/diag/diagnostics.go:58 diagnostic_severity=ERROR diagnostic_summary="Waiting for rollout to finish: 1 replicas wanted; 0 replicas Ready" tf_req_id=36fffb13-195a-8328-aafe-3717d8f811af tf_resource_type=kubernetes_deployment tf_rpc=ApplyResourceChange @module=sdk.proto diagnostic_detail="" timestamp="2025-02-09T03:26:57.703+0200"
2025-02-09T03:26:57.709+0200 [ERROR] vertex "module.pwa_client.kubernetes_deployment.reactory_pwa_client" error: Waiting for rollout to finish: 2 replicas wanted; 0 replicas Ready
2025-02-09T03:26:57.717+0200 [ERROR] vertex "module.grafana.kubernetes_deployment.reactory_grafana" error: Waiting for rollout to finish: 1 replicas wanted; 0 replicas Ready
2025-02-09T03:26:57.817+0200 [ERROR] provider.terraform-provider-kubernetes_v2.35.1_x5: Response contains error diagnostic: diagnostic_severity=ERROR tf_rpc=ApplyResourceChange diagnostic_detail="" diagnostic_summary="Waiting for rollout to finish: 1 replicas wanted; 0 replicas Ready" tf_proto_version=5.7 tf_provider_addr=registry.terraform.io/hashicorp/kubernetes @caller=github.com/hashicorp/terraform-plugin-go@v0.25.0/tfprotov5/internal/diag/diagnostics.go:58 @module=sdk.proto tf_req_id=af9bc058-54b2-5451-dddd-bd71eb8c9384 tf_resource_type=kubernetes_deployment timestamp="2025-02-09T03:26:57.817+0200"
2025-02-09T03:26:57.830+0200 [ERROR] vertex "module.prometheus.kubernetes_deployment.reactory_prometheus" error: Waiting for rollout to finish: 1 replicas wanted; 0 replicas Ready
2025-02-09T03:26:57.943+0200 [ERROR] provider.terraform-provider-kubernetes_v2.35.1_x5: Response contains error diagnostic: tf_proto_version=5.7 tf_provider_addr=registry.terraform.io/hashicorp/kubernetes tf_rpc=ApplyResourceChange diagnostic_detail="" @module=sdk.proto diagnostic_severity=ERROR diagnostic_summary="Waiting for rollout to finish: 1 replicas wanted; 0 replicas Ready" tf_req_id=d56a08e7-5465-ad93-4a29-7a4b3a7e44bb @caller=github.com/hashicorp/terraform-plugin-go@v0.25.0/tfprotov5/internal/diag/diagnostics.go:58 tf_resource_type=kubernetes_deployment timestamp="2025-02-09T03:26:57.943+0200"
2025-02-09T03:26:57.944+0200 [ERROR] provider.terraform-provider-kubernetes_v2.35.1_x5: Response contains error diagnostic: tf_provider_addr=registry.terraform.io/hashicorp/kubernetes tf_req_id=69002c04-3c07-e055-fdc9-47c51b11fcb7 @caller=github.com/hashicorp/terraform-plugin-go@v0.25.0/tfprotov5/internal/diag/diagnostics.go:58 @module=sdk.proto diagnostic_detail="" diagnostic_severity=ERROR tf_resource_type=kubernetes_deployment tf_rpc=ApplyResourceChange diagnostic_summary="Waiting for rollout to finish: 1 replicas wanted; 0 replicas Ready" tf_proto_version=5.7 timestamp="2025-02-09T03:26:57.944+0200"
2025-02-09T03:26:57.960+0200 [ERROR] vertex "module.postgres.kubernetes_deployment.reactory_postgres" error: Waiting for rollout to finish: 1 replicas wanted; 0 replicas Ready
2025-02-09T03:26:57.969+0200 [ERROR] vertex "module.express_server.kubernetes_deployment.reactory_express_server" error: Waiting for rollout to finish: 1 replicas wanted; 0 replicas Ready
2025-02-09T03:26:57.986+0200 [INFO]  provider: plugin process exited: plugin=.terraform/providers/registry.terraform.io/hashicorp/kubernetes/2.35.1/darwin_arm64/terraform-provider-kubernetes_v2.35.1_x5 id=59803
